{"timestamp": 1, "object_list": [{"position": [14.9352355744, 5.30707796623], "id": 1}, {"position": [15.1821111479, 5.82496973161], "id": 2}], "frame": 1, "size": 2}