{"timestamp": 10, "object_list": [{"position": [10.9561822118, 5.39776869012], "id": 1}, {"position": [11.4072089417, 6.13355685264], "id": 2}, {"position": [4.84616961424, 1.60737375107], "id": 3}], "frame": 10, "size": 3}