{"timestamp": 100, "object_list": [{"position": [0.937622063382, 5.20851146895], "id": 19}], "frame": 100, "size": 1}