{"timestamp": 101, "object_list": [{"position": [1.56186157853, 5.2497996143], "id": 19}], "frame": 101, "size": 1}