{"timestamp": 102, "object_list": [{"position": [2.17263132666, 5.27843879026], "id": 19}], "frame": 102, "size": 1}