{"timestamp": 103, "object_list": [{"position": [2.7638278196, 5.28870116165], "id": 19}], "frame": 103, "size": 1}