{"timestamp": 104, "object_list": [{"position": [3.35481384743, 5.29872487324], "id": 19}], "frame": 104, "size": 1}