{"timestamp": 105, "object_list": [{"position": [3.94601034037, 5.30898724463], "id": 19}], "frame": 105, "size": 1}