{"timestamp": 1050, "object_list": [{"position": [13.0909298187, 5.84716509298], "id": 202}, {"position": [10.0212961948, 5.49275529041], "id": 203}, {"position": [10.1696740971, 3.98800525321], "id": 204}], "frame": 1050, "size": 3}