{"timestamp": 1051, "object_list": [{"position": [13.6288786389, 5.75432643089], "id": 202}, {"position": [9.55195900035, 5.55719343633], "id": 203}, {"position": [9.664557834, 4.11926814305], "id": 204}], "frame": 1051, "size": 3}