{"timestamp": 1052, "object_list": [{"position": [14.166616994, 5.6614877688], "id": 202}, {"position": [9.08241134078, 5.62139292245], "id": 203}, {"position": [9.1594415709, 4.2505310329], "id": 204}], "frame": 1052, "size": 3}