{"timestamp": 106, "object_list": [{"position": [4.5369963682, 5.31901095621], "id": 19}], "frame": 106, "size": 1}