{"timestamp": 107, "object_list": [{"position": [5.14313588392, 5.3280800286], "id": 19}], "frame": 107, "size": 1}