{"timestamp": 108, "object_list": [{"position": [5.75579981804, 5.33667178139], "id": 19}], "frame": 108, "size": 1}