{"timestamp": 109, "object_list": [{"position": [6.36846375216, 5.34502487438], "id": 19}], "frame": 109, "size": 1}