{"timestamp": 11, "object_list": [{"position": [10.6541647795, 5.43929549527], "id": 1}, {"position": [10.933662445, 6.12353314105], "id": 2}, {"position": [5.27636029831, 2.17800933218], "id": 3}], "frame": 11, "size": 3}