{"timestamp": 110, "object_list": [{"position": [6.98112768628, 5.35361662717], "id": 19}], "frame": 110, "size": 1}