{"timestamp": 111, "object_list": [{"position": [7.59358115529, 5.36220837996], "id": 19}], "frame": 111, "size": 1}