{"timestamp": 112, "object_list": [{"position": [8.2081392754, 5.36101508096], "id": 19}], "frame": 112, "size": 1}