{"timestamp": 113, "object_list": [{"position": [8.83953460427, 5.27271095507], "id": 19}], "frame": 113, "size": 1}