{"timestamp": 114, "object_list": [{"position": [9.47092993315, 5.18464548897], "id": 19}], "frame": 114, "size": 1}