{"timestamp": 115, "object_list": [{"position": [10.102325262, 5.09634136308], "id": 19}], "frame": 115, "size": 1}