{"timestamp": 116, "object_list": [{"position": [10.7337205909, 5.00827589699], "id": 19}, {"position": [13.191321676, 13.6477606466], "id": 20}], "frame": 116, "size": 2}