{"timestamp": 117, "object_list": [{"position": [11.3207077816, 4.95075888526], "id": 19}, {"position": [13.2075274894, 13.2620864103], "id": 20}, {"position": [0.34284766358, 4.13215577224], "id": 22}], "frame": 117, "size": 3}