{"timestamp": 118, "object_list": [{"position": [11.8632868343, 4.92426764749], "id": 19}, {"position": [13.2237333029, 12.8766508337], "id": 20}, {"position": [0.98918601524, 4.14074752503], "id": 22}], "frame": 118, "size": 3}