{"timestamp": 119, "object_list": [{"position": [12.4056554218, 4.89777640972], "id": 19}, {"position": [13.2332042328, 12.4964657728], "id": 20}, {"position": [1.6355243669, 4.14933927782], "id": 22}, {"position": [0.0631395328877, 5.17891765378], "id": 23}], "frame": 119, "size": 4}