{"timestamp": 12, "object_list": [{"position": [10.3521473472, 5.48082230042], "id": 1}, {"position": [10.4601159484, 6.11374808926], "id": 2}, {"position": [5.73664749306, 2.73098408812], "id": 3}], "frame": 12, "size": 3}