{"timestamp": 13, "object_list": [{"position": [10.0008810792, 5.4977671462], "id": 1}, {"position": [9.99477759101, 6.11494138826], "id": 2}, {"position": [6.26786142976, 3.24243203891], "id": 3}], "frame": 13, "size": 3}