{"timestamp": 14, "object_list": [{"position": [9.63740783486, 5.50874549699], "id": 1}, {"position": [9.53491132647, 6.12377180085], "id": 2}, {"position": [6.79297187827, 3.71521710214], "id": 3}], "frame": 14, "size": 3}