{"timestamp": 15, "object_list": [{"position": [9.19353691866, 5.4999150844], "id": 1}, {"position": [9.07504506194, 6.13260221344], "id": 2}, {"position": [7.29408930429, 4.03335061516], "id": 3}], "frame": 15, "size": 3}