{"timestamp": 16, "object_list": [{"position": [8.69599739951, 5.47843570242], "id": 1}, {"position": [8.5821357752, 6.13904602803], "id": 2}, {"position": [7.81267533441, 4.34360835478], "id": 3}], "frame": 16, "size": 3}