{"timestamp": 17, "object_list": [{"position": [8.19866834546, 5.45671766065], "id": 1}, {"position": [8.08564858159, 6.14525118282], "id": 2}, {"position": [8.48932066186, 4.5822681545], "id": 3}], "frame": 17, "size": 3}