{"timestamp": 18, "object_list": [{"position": [7.70070789609, 5.42712384548], "id": 1}, {"position": [7.58916138799, 6.15121767781], "id": 2}, {"position": [9.15333808272, 4.83548620199], "id": 3}], "frame": 18, "size": 3}