{"timestamp": 19, "object_list": [{"position": [7.20148465606, 5.37939188554], "id": 1}, {"position": [7.09267419438, 6.15742283261], "id": 2}, {"position": [9.81230434096, 5.09490940428], "id": 3}], "frame": 19, "size": 3}