{"timestamp": 2, "object_list": [{"position": [14.4947320999, 5.3292733276], "id": 1}, {"position": [14.8287402289, 5.81637797882], "id": 2}], "frame": 2, "size": 2}