{"timestamp": 20, "object_list": [{"position": [6.70247188113, 5.3316599256], "id": 1}, {"position": [6.60649979115, 6.12329448125], "id": 2}, {"position": [10.4660089715, 5.30970322402], "id": 3}], "frame": 20, "size": 3}