{"timestamp": 204, "object_list": [{"position": [7.84277184509, 5.05839445493], "id": 41}, {"position": [7.57253464433, 3.78609906265], "id": 42}, {"position": [10.3102647903, 4.28847794105], "id": 43}, {"position": [10.2631206058, 4.69825681716], "id": 44}], "frame": 204, "size": 4}