{"timestamp": 205, "object_list": [{"position": [7.87034277445, 5.04121094935], "id": 41}, {"position": [8.33694392249, 3.73645782431], "id": 42}, {"position": [9.77084271437, 4.2510083525], "id": 43}, {"position": [9.57616248796, 4.63429599084], "id": 44}], "frame": 205, "size": 4}