{"timestamp": 206, "object_list": [{"position": [7.8977032387, 5.02402744377], "id": 41}, {"position": [9.11145552591, 3.69827225636], "id": 42}, {"position": [9.2316311035, 4.21377742374], "id": 43}, {"position": [8.83953460427, 4.52594444177], "id": 44}], "frame": 206, "size": 4}