{"timestamp": 266, "object_list": [{"position": [2.05203481885, 3.50782173619], "id": 43}, {"position": [2.48348829358, 4.10494855507], "id": 44}, {"position": [1.3097243772, 4.80255114963], "id": 53}, {"position": [8.53309740466, 5.87890684634], "id": 54}], "frame": 266, "size": 4}