{"timestamp": 267, "object_list": [{"position": [1.94680226404, 3.50280988039], "id": 43}, {"position": [2.58366968576, 4.44599340886], "id": 44}, {"position": [0.840176717625, 4.827133109], "id": 53}, {"position": [9.03189971447, 5.93236664148], "id": 54}], "frame": 267, "size": 4}