{"timestamp": 268, "object_list": [{"position": [1.84156970922, 3.4977980246], "id": 43}, {"position": [2.68385107794, 4.78679960285], "id": 44}, {"position": [0.37083952316, 4.85147640858], "id": 53}, {"position": [9.48124272352, 6.06768674791], "id": 54}], "frame": 268, "size": 4}