{"timestamp": 269, "object_list": [{"position": [1.73633715441, 3.49278616881], "id": 43}, {"position": [2.78445340035, 5.24120786151], "id": 44}, {"position": [-0.0987081364144, 4.87605836795], "id": 53}, {"position": [9.93058573257, 6.20324551415], "id": 54}], "frame": 269, "size": 4}