{"timestamp": 270, "object_list": [{"position": [1.6311045996, 3.48801297281], "id": 43}, {"position": [2.88526618786, 5.70802642975], "id": 44}, {"position": [10.3799287416, 6.33856562059], "id": 54}], "frame": 270, "size": 3}