{"timestamp": 271, "object_list": [{"position": [1.49430227834, 3.42524544549], "id": 43}, {"position": [2.93809293037, 6.15742283261], "id": 44}, {"position": [10.7951764029, 6.52639088296], "id": 54}], "frame": 271, "size": 3}