{"timestamp": 272, "object_list": [{"position": [1.28383716872, 3.22763513132], "id": 43}, {"position": [2.95913944133, 6.59488624548], "id": 44}, {"position": [11.1594915077, 6.79273521944], "id": 54}], "frame": 272, "size": 3}