{"timestamp": 273, "object_list": [{"position": [1.07337205909, 3.03026347696], "id": 43}, {"position": [2.9801859523, 7.03258831816], "id": 44}, {"position": [11.5238066124, 7.05884089612], "id": 54}], "frame": 273, "size": 3}