{"timestamp": 274, "object_list": [{"position": [0.943725551561, 2.90401244291], "id": 43}, {"position": [2.99723362618, 7.42470636909], "id": 44}, {"position": [11.8016205571, 7.39439657452], "id": 54}], "frame": 274, "size": 3}