{"timestamp": 275, "object_list": [{"position": [0.935096482066, 2.88444233934], "id": 43}, {"position": [3.01175571874, 7.78699194505], "id": 44}, {"position": [12.0577565956, 7.7471357585], "id": 54}], "frame": 275, "size": 3}