{"timestamp": 276, "object_list": [{"position": [0.926677877681, 2.86511089556], "id": 43}, {"position": [3.02627781131, 8.14903886122], "id": 44}, {"position": [12.2911624021, 8.11347855106], "id": 54}], "frame": 276, "size": 3}