{"timestamp": 277, "object_list": [{"position": [0.918048808187, 2.84577945178], "id": 43}, {"position": [3.03427548547, 8.26860742087], "id": 44}, {"position": [12.5016275118, 8.493663612], "id": 54}], "frame": 277, "size": 3}