{"timestamp": 278, "object_list": [{"position": [0.909419738692, 2.82644800801], "id": 43}, {"position": [3.03911618299, 8.28412030785], "id": 44}, {"position": [12.7120926214, 8.87361001315], "id": 54}], "frame": 278, "size": 3}