{"timestamp": 279, "object_list": [{"position": [0.901001134307, 2.80687790443], "id": 43}, {"position": [3.04416734562, 8.29987185463], "id": 44}, {"position": [12.8909879646, 9.21226826894], "id": 54}], "frame": 279, "size": 3}