{"timestamp": 280, "object_list": [{"position": [0.892372064812, 2.78754646065], "id": 43}, {"position": [3.04921850825, 8.31538474162], "id": 44}, {"position": [13.0620960987, 9.54042549355], "id": 54}], "frame": 280, "size": 3}