{"timestamp": 281, "object_list": [{"position": [0.883742995318, 2.76821501688], "id": 43}, {"position": [3.05426967089, 8.3311362884], "id": 44}, {"position": [13.2329937677, 9.86858271815], "id": 54}], "frame": 281, "size": 3}