{"timestamp": 282, "object_list": [{"position": [0.875324390933, 2.7488835731], "id": 43}, {"position": [3.05932083352, 8.34664917538], "id": 44}, {"position": [13.3382263225, 10.2222765413], "id": 54}], "frame": 282, "size": 3}