{"timestamp": 283, "object_list": [{"position": [0.866695321438, 2.72955212932], "id": 43}, {"position": [3.06437199615, 8.36240072216], "id": 44}, {"position": [13.3998925996, 10.5931538701], "id": 54}], "frame": 283, "size": 3}