{"timestamp": 284, "object_list": [{"position": [0.858276717053, 2.70998202575], "id": 43}, {"position": [3.06921269367, 8.37791360914], "id": 44}, {"position": [13.4613484116, 10.9640311988], "id": 54}], "frame": 284, "size": 3}