{"timestamp": 285, "object_list": [{"position": [0.849647647558, 2.69065058197], "id": 43}, {"position": [3.0742638563, 8.39366515592], "id": 44}, {"position": [13.5228042237, 11.3349085276], "id": 54}], "frame": 285, "size": 3}