{"timestamp": 286, "object_list": [{"position": [0.841018578064, 2.67131913819], "id": 43}, {"position": [3.07931501893, 8.4091780429], "id": 44}, {"position": [13.5844705008, 11.7057858563], "id": 54}], "frame": 286, "size": 3}