{"timestamp": 287, "object_list": [{"position": [0.832599973679, 2.65198769442], "id": 43}, {"position": [3.08436618156, 8.42492958968], "id": 44}, {"position": [13.6459263128, 12.0766631851], "id": 54}], "frame": 287, "size": 3}