{"timestamp": 288, "object_list": [{"position": [0.823970904184, 2.63241759084], "id": 43}, {"position": [3.08941734419, 8.44044247667], "id": 44}, {"position": [13.7073821248, 12.4473018541], "id": 54}], "frame": 288, "size": 3}