{"timestamp": 289, "object_list": [{"position": [0.815552299799, 2.61308614706], "id": 43}, {"position": [3.09425804171, 8.45619402345], "id": 44}], "frame": 289, "size": 2}