{"timestamp": 290, "object_list": [{"position": [0.806923230304, 2.59375470329], "id": 43}, {"position": [3.09930920435, 8.47170691043], "id": 44}], "frame": 290, "size": 2}