{"timestamp": 291, "object_list": [{"position": [0.79829416081, 2.57442325951], "id": 43}, {"position": [3.10436036698, 8.48745845721], "id": 44}], "frame": 291, "size": 2}