{"timestamp": 292, "object_list": [{"position": [0.789875556425, 2.55509181573], "id": 43}, {"position": [3.10941152961, 8.50297134419], "id": 44}, {"position": [14.7089855815, 8.19438422316], "id": 55}], "frame": 292, "size": 3}