{"timestamp": 293, "object_list": [{"position": [0.78124648693, 2.53552171216], "id": 43}, {"position": [3.11446269224, 8.51848423117], "id": 44}, {"position": [13.9885635113, 8.01992390957], "id": 55}], "frame": 293, "size": 3}