{"timestamp": 294, "object_list": [{"position": [0.743573232307, 2.14006242403], "id": 43}, {"position": [3.12288129662, 8.52349608697], "id": 44}, {"position": [13.268141441, 7.84546359598], "id": 55}], "frame": 294, "size": 3}