{"timestamp": 295, "object_list": [{"position": [0.693482536216, 1.5830304515], "id": 43}, {"position": [3.13193129634, 8.52707598396], "id": 44}, {"position": [12.5016275118, 7.64904658082], "id": 55}], "frame": 295, "size": 3}