{"timestamp": 296, "object_list": [{"position": [0.656230211812, 1.0023711588], "id": 43}, {"position": [3.14098129605, 8.53089454076], "id": 44}, {"position": [11.7298519548, 7.45024296765], "id": 55}], "frame": 296, "size": 3}