{"timestamp": 299, "object_list": [{"position": [3.16792083008, 8.54187289154], "id": 44}, {"position": [9.58247644125, 7.1621805894], "id": 55}, {"position": [14.0845356012, 5.87270169155], "id": 56}, {"position": [14.1097914144, 5.36650425636], "id": 57}], "frame": 299, "size": 4}