{"timestamp": 3, "object_list": [{"position": [14.0542286255, 5.35146868897], "id": 1}, {"position": [14.4755797749, 5.80802488583], "id": 2}], "frame": 3, "size": 2}