{"timestamp": 300, "object_list": [{"position": [3.17676036469, 8.54569144834], "id": 44}, {"position": [8.83174739522, 7.09058264949], "id": 55}, {"position": [13.4821844575, 5.96315375564], "id": 56}, {"position": [13.5364844558, 5.42425992789], "id": 57}], "frame": 300, "size": 4}