{"timestamp": 301, "object_list": [{"position": [3.1858103644, 8.54927134534], "id": 44}, {"position": [8.08122881429, 7.01898470957], "id": 55}, {"position": [12.8996170341, 6.07126664491], "id": 56}, {"position": [12.9311868005, 5.50540425979], "id": 57}], "frame": 301, "size": 4}