{"timestamp": 355, "object_list": [{"position": [2.92967432599, 8.73685794791], "id": 44}, {"position": [15.1238123126, 5.03572177395], "id": 64}, {"position": [14.6860448846, 4.44241351187], "id": 65}, {"position": [3.16771036497, 7.81061926522], "id": 66}], "frame": 355, "size": 4}