{"timestamp": 356, "object_list": [{"position": [2.92630688423, 8.73733526751], "id": 44}, {"position": [15.2702960289, 4.43835629527], "id": 65}, {"position": [2.6785894502, 7.93329040227], "id": 66}, {"position": [14.7115111628, 3.89970112732], "id": 67}], "frame": 356, "size": 4}