{"timestamp": 357, "object_list": [{"position": [2.92314990759, 8.73757392731], "id": 44}, {"position": [2.20756853486, 8.06932648811], "id": 66}, {"position": [13.8170344469, 3.92356710729], "id": 67}], "frame": 357, "size": 3}