{"timestamp": 358, "object_list": [{"position": [2.91978246583, 8.73805124691], "id": 44}, {"position": [1.77885110655, 8.23734298711], "id": 66}, {"position": [12.9196112195, 3.97607226323], "id": 67}], "frame": 358, "size": 3}