{"timestamp": 359, "object_list": [{"position": [2.91662548919, 8.73828990671], "id": 44}, {"position": [1.35013367825, 8.40535948611], "id": 66}, {"position": [12.0175577596, 4.07153618311], "id": 67}], "frame": 359, "size": 3}