{"timestamp": 36, "object_list": [{"position": [8.3765113631, 6.01064705578], "id": 4}, {"position": [1.30488367968, 8.45810330184], "id": 5}, {"position": [0.723368581783, 8.26669814247], "id": 6}, {"position": [0.962036016098, 6.92280481029], "id": 7}], "frame": 36, "size": 4}