{"timestamp": 360, "object_list": [{"position": [2.91325804744, 8.73876722631], "id": 44}, {"position": [1.00433950313, 8.61060691386], "id": 66}, {"position": [11.1155042998, 4.167000103], "id": 67}], "frame": 360, "size": 3}