{"timestamp": 361, "object_list": [{"position": [2.91010107079, 8.73900588611], "id": 44}, {"position": [0.714108116959, 8.84115228038], "id": 66}, {"position": [10.213661305, 4.26246402288], "id": 67}], "frame": 361, "size": 3}