{"timestamp": 362, "object_list": [{"position": [2.90673362904, 8.73948320571], "id": 44}, {"position": [0.423876730786, 9.07145898711], "id": 66}, {"position": [9.34843923935, 4.27201041487], "id": 67}], "frame": 362, "size": 3}