{"timestamp": 363, "object_list": [{"position": [2.90357665239, 8.73972186551], "id": 44}, {"position": [0.288968595516, 9.3258703336], "id": 66}, {"position": [8.48742647587, 4.27201041487], "id": 67}], "frame": 363, "size": 3}