{"timestamp": 364, "object_list": [{"position": [2.90020921064, 8.74019918511], "id": 44}, {"position": [0.220777899997, 9.59030539169], "id": 66}, {"position": [7.62641371239, 4.27201041487], "id": 67}], "frame": 364, "size": 3}