{"timestamp": 365, "object_list": [{"position": [2.897052234, 8.74067650471], "id": 44}, {"position": [0.152376739369, 9.85474044977], "id": 66}, {"position": [6.77971257637, 4.28442072446], "id": 67}], "frame": 365, "size": 3}