{"timestamp": 366, "object_list": [{"position": [2.89368479224, 8.74091516451], "id": 44}, {"position": [0.0841860438502, 10.1191755079], "id": 66}, {"position": [5.94248237028, 4.30518412703], "id": 67}], "frame": 366, "size": 3}