{"timestamp": 367, "object_list": [{"position": [2.8905278156, 8.7413924841], "id": 44}, {"position": [5.10525216419, 4.32594752961], "id": 67}], "frame": 367, "size": 2}