{"timestamp": 368, "object_list": [{"position": [2.88716037384, 8.7416311439], "id": 44}, {"position": [4.26781149299, 4.34671093218], "id": 67}], "frame": 368, "size": 2}