{"timestamp": 369, "object_list": [{"position": [2.8840033972, 8.7421084635], "id": 44}, {"position": [3.4305812869, 4.36747433476], "id": 67}], "frame": 369, "size": 2}