{"timestamp": 37, "object_list": [{"position": [9.00790669197, 5.95694860085], "id": 4}, {"position": [0.974242992457, 8.8270713522], "id": 5}, {"position": [0.381362778641, 8.67432908039], "id": 6}, {"position": [1.33792670189, 6.72686511472], "id": 7}], "frame": 37, "size": 4}