{"timestamp": 370, "object_list": [{"position": [2.88063595544, 8.7423471233], "id": 44}, {"position": [2.60871503381, 4.3333459834], "id": 67}], "frame": 370, "size": 2}