{"timestamp": 371, "object_list": [{"position": [2.8774789788, 8.7428244429], "id": 44}, {"position": [1.78684878072, 4.29921763204], "id": 67}], "frame": 371, "size": 2}