{"timestamp": 372, "object_list": [{"position": [2.87411153705, 8.7430631027], "id": 44}, {"position": [0.965192992743, 4.26508928068], "id": 67}], "frame": 372, "size": 2}