{"timestamp": 373, "object_list": [{"position": [2.8709545604, 8.7435404223], "id": 44}, {"position": [0.143326739655, 4.23119958912], "id": 67}], "frame": 373, "size": 2}