{"timestamp": 374, "object_list": [{"position": [2.86758711865, 8.7437790821], "id": 44}], "frame": 374, "size": 1}