{"timestamp": 375, "object_list": [{"position": [2.864430142, 8.7442564017], "id": 44}], "frame": 375, "size": 1}