{"timestamp": 376, "object_list": [{"position": [2.86106270025, 8.7447337213], "id": 44}, {"position": [-0.0694534861764, 5.2440717791], "id": 68}], "frame": 376, "size": 2}