{"timestamp": 377, "object_list": [{"position": [2.85790572361, 8.7449723811], "id": 44}, {"position": [0.383256964628, 5.39585941172], "id": 68}], "frame": 377, "size": 2}