{"timestamp": 378, "object_list": [{"position": [2.85453828185, 8.7454497007], "id": 44}, {"position": [0.836177880542, 5.54764704434], "id": 68}], "frame": 378, "size": 2}