{"timestamp": 379, "object_list": [{"position": [2.85138130521, 8.7456883605], "id": 44}, {"position": [1.28888833135, 5.69967333676], "id": 68}], "frame": 379, "size": 2}