{"timestamp": 380, "object_list": [{"position": [2.84822432856, 8.7461656801], "id": 44}, {"position": [1.72581389893, 5.82449241201], "id": 68}], "frame": 380, "size": 2}