{"timestamp": 381, "object_list": [{"position": [2.84485688681, 8.7464043399], "id": 44}, {"position": [2.14674411818, 5.92234292989], "id": 68}], "frame": 381, "size": 2}