{"timestamp": 382, "object_list": [{"position": [2.84169991016, 8.7468816595], "id": 44}, {"position": [2.56767433743, 6.02043210757], "id": 68}], "frame": 382, "size": 2}