{"timestamp": 383, "object_list": [{"position": [2.83833246841, 8.7471203193], "id": 44}, {"position": [2.98860455668, 6.11828262545], "id": 68}], "frame": 383, "size": 2}