{"timestamp": 384, "object_list": [{"position": [2.83517549177, 8.7475976389], "id": 44}, {"position": [3.42658244981, 6.15742283261], "id": 68}], "frame": 384, "size": 2}