{"timestamp": 385, "object_list": [{"position": [2.83180805001, 8.7478362987], "id": 44}, {"position": [3.87592545886, 6.15742283261], "id": 68}], "frame": 385, "size": 2}