{"timestamp": 386, "object_list": [{"position": [2.82865107337, 8.7483136183], "id": 44}, {"position": [4.32526846791, 6.15742283261], "id": 68}], "frame": 386, "size": 2}