{"timestamp": 387, "object_list": [{"position": [2.82528363161, 8.7487909379], "id": 44}, {"position": [4.77461147696, 6.15742283261], "id": 68}], "frame": 387, "size": 2}