{"timestamp": 388, "object_list": [{"position": [2.82212665497, 8.7490295977], "id": 44}, {"position": [5.22332309069, 6.10086046007], "id": 68}], "frame": 388, "size": 2}