{"timestamp": 389, "object_list": [{"position": [2.81875921321, 8.74950691729], "id": 44}, {"position": [5.67203470441, 6.03809293275], "id": 68}], "frame": 389, "size": 2}