{"timestamp": 390, "object_list": [{"position": [2.81560223657, 8.74974557709], "id": 44}, {"position": [6.12074631813, 5.97532540543], "id": 68}], "frame": 390, "size": 2}