{"timestamp": 391, "object_list": [{"position": [2.81223479482, 8.75022289669], "id": 44}, {"position": [6.57008932718, 5.90444344491], "id": 68}, {"position": [15.2056832402, 5.76172488468], "id": 69}], "frame": 391, "size": 3}