{"timestamp": 392, "object_list": [{"position": [2.80907781817, 8.75046155649], "id": 44}, {"position": [7.02595675463, 5.76124756508], "id": 68}, {"position": [14.6285879096, 5.8309362266], "id": 69}, {"position": [14.8994565057, 5.0786805379], "id": 70}], "frame": 392, "size": 4}