{"timestamp": 393, "object_list": [{"position": [2.80571037642, 8.75093887609], "id": 44}, {"position": [7.48203464719, 5.61805168525], "id": 68}, {"position": [14.0517030441, 5.90038622832], "id": 69}, {"position": [14.3173100125, 5.12641249784], "id": 70}], "frame": 393, "size": 4}