{"timestamp": 394, "object_list": [{"position": [2.80255339977, 8.75117753589], "id": 44}, {"position": [7.93790207464, 5.47413982603], "id": 68}, {"position": [13.4746077136, 5.96959757023], "id": 69}, {"position": [13.7349530542, 5.17414445779], "id": 70}], "frame": 394, "size": 4}