{"timestamp": 395, "object_list": [{"position": [2.79918595802, 8.75165485549], "id": 44}, {"position": [8.39166485099, 5.32497745121], "id": 68}, {"position": [12.914770522, 6.06339087152], "id": 69}, {"position": [13.1467030728, 5.26435786208], "id": 70}], "frame": 395, "size": 4}