{"timestamp": 396, "object_list": [{"position": [2.79602898138, 8.75213217509], "id": 44}, {"position": [8.84542762734, 5.17581507639], "id": 68}, {"position": [12.3622996092, 6.16792386379], "id": 69}, {"position": [12.5491926265, 5.41829343289], "id": 70}], "frame": 396, "size": 4}