{"timestamp": 397, "object_list": [{"position": [2.79266153962, 8.75237083489], "id": 44}, {"position": [9.29919040369, 5.02665270156], "id": 68}, {"position": [11.8098286964, 6.27221819627], "id": 69}, {"position": [11.9516821803, 5.57222900371], "id": 70}], "frame": 397, "size": 4}