{"timestamp": 398, "object_list": [{"position": [2.78950456298, 8.75284815449], "id": 44}, {"position": [9.80472759701, 4.95052022546], "id": 68}, {"position": [11.259883365, 6.3278259296], "id": 69}, {"position": [11.3625903385, 5.69275220256], "id": 70}], "frame": 398, "size": 4}