{"timestamp": 399, "object_list": [{"position": [2.78613712122, 8.75308681429], "id": 44}, {"position": [10.3157368832, 4.88226352274], "id": 68}, {"position": [10.7126740799, 6.33474706379], "id": 69}, {"position": [10.7930717518, 5.73475632731], "id": 70}], "frame": 399, "size": 4}