{"timestamp": 4, "object_list": [{"position": [13.613725151, 5.37366405035], "id": 1}, {"position": [14.1222088559, 5.79943313304], "id": 2}], "frame": 4, "size": 2}