{"timestamp": 5, "object_list": [{"position": [13.1725902812, 5.39371147352], "id": 1}, {"position": [13.6884402649, 5.87174705235], "id": 2}], "frame": 5, "size": 2}