{"timestamp": 6, "object_list": [{"position": [12.7264042488, 5.39371147352], "id": 1}, {"position": [13.2548821391, 5.94406097166], "id": 2}], "frame": 6, "size": 2}