{"timestamp": 7, "object_list": [{"position": [12.2802182164, 5.39371147352], "id": 1}, {"position": [12.8211135482, 6.01637489098], "id": 2}], "frame": 7, "size": 2}