{"timestamp": 8, "object_list": [{"position": [11.834032184, 5.39371147352], "id": 1}, {"position": [12.3583007721, 6.06291355192], "id": 2}, {"position": [4.03819405839, 0.128876291845], "id": 3}], "frame": 8, "size": 3}