{"timestamp": 83, "object_list": [{"position": [2.6085045687, 8.22636463632], "id": 15}, {"position": [2.76046037785, 7.80417545063], "id": 16}, {"position": [7.9305357958, 7.1597939914], "id": 17}, {"position": [7.99220207292, 6.56600840972], "id": 18}], "frame": 83, "size": 4}