{"timestamp": 84, "object_list": [{"position": [2.18083946594, 8.30846360742], "id": 15}, {"position": [2.27028713753, 7.85954452416], "id": 16}, {"position": [8.42723345452, 7.15645275421], "id": 17}, {"position": [8.49437182449, 6.57030428611], "id": 18}], "frame": 84, "size": 4}