{"timestamp": 85, "object_list": [{"position": [1.75338482829, 8.39032391873], "id": 15}, {"position": [1.77464180436, 7.95190586665], "id": 16}, {"position": [8.93529622915, 7.12351770185], "id": 17}, {"position": [8.99948808759, 6.5781800595], "id": 18}], "frame": 85, "size": 4}