{"timestamp": 86, "object_list": [{"position": [1.32593019064, 8.47242288983], "id": 15}, {"position": [1.27899647119, 8.04426720914], "id": 16}, {"position": [9.44335900379, 7.09058264949], "id": 17}, {"position": [9.50460435069, 6.58629449269], "id": 18}], "frame": 86, "size": 4}