{"timestamp": 87, "object_list": [{"position": [1.01359996796, 8.65714557481], "id": 15}, {"position": [0.851962763764, 8.18770174877], "id": 16}, {"position": [9.94679154601, 7.07148986551], "id": 17}, {"position": [10.0404485198, 6.62734397824], "id": 18}], "frame": 87, "size": 4}