{"timestamp": 88, "object_list": [{"position": [0.701269745272, 8.84186825978], "id": 15}, {"position": [0.493330216962, 8.38220948554], "id": 16}, {"position": [10.4314926935, 7.10776615507], "id": 17}, {"position": [10.5798705958, 6.67197336079], "id": 18}], "frame": 88, "size": 4}