{"timestamp": 89, "object_list": [{"position": [0.388939522588, 9.02682960456], "id": 15}, {"position": [0.13490813527, 8.5767172223], "id": 16}, {"position": [10.9161938409, 7.14380378482], "id": 17}, {"position": [11.1190822066, 6.71684140314], "id": 18}], "frame": 89, "size": 4}