{"timestamp": 9, "object_list": [{"position": [11.3878461516, 5.39371147352], "id": 1}, {"position": [11.8826496243, 6.09823520228], "id": 2}, {"position": [4.43092195295, 0.940319610871], "id": 3}], "frame": 9, "size": 3}