{"timestamp": 90, "object_list": [{"position": [0.310436036698, 9.22778115592], "id": 15}, {"position": [11.4008949884, 7.18008007438], "id": 17}, {"position": [11.6050461448, 6.84714965378], "id": 18}], "frame": 90, "size": 3}