{"timestamp": 91, "object_list": [{"position": [0.257819759291, 9.43064198568], "id": 15}, {"position": [11.8226670681, 7.37959966694], "id": 17}, {"position": [12.0680693859, 7.01421151358], "id": 18}], "frame": 91, "size": 3}