{"timestamp": 92, "object_list": [{"position": [0.205203481885, 9.63350281543], "id": 15}, {"position": [12.2372833341, 7.59701874448], "id": 17}, {"position": [12.5310926271, 7.18127337338], "id": 18}], "frame": 92, "size": 3}