{"timestamp": 93, "object_list": [{"position": [0.152587204479, 9.83636364519], "id": 15}, {"position": [12.6521100651, 7.81467648182], "id": 17}, {"position": [12.9863286592, 7.33449296479], "id": 18}], "frame": 93, "size": 3}