{"timestamp": 94, "object_list": [{"position": [13.0660949358, 7.98746617681], "id": 17}, {"position": [13.4381972496, 7.48198472102], "id": 18}], "frame": 94, "size": 2}