{"timestamp": 95, "object_list": [{"position": [13.4794484111, 8.11538782946], "id": 17}, {"position": [13.89006584, 7.62947647724], "id": 18}], "frame": 95, "size": 2}