{"timestamp": 96, "object_list": [{"position": [13.8930123515, 8.2430708223], "id": 17}, {"position": [14.3299379191, 7.76670586207], "id": 18}], "frame": 96, "size": 2}