{"timestamp": 97, "object_list": [{"position": [14.3234135007, 8.34163731958], "id": 17}, {"position": [14.7416076735, 7.88102390614], "id": 18}], "frame": 97, "size": 2}