{"timestamp": 979, "object_list": [{"position": [0.957405783687, 8.69938835935], "id": 169}, {"position": [7.86129277473, 8.61275485206], "id": 186}, {"position": [7.76279510343, 4.4101944389], "id": 187}, {"position": [8.24349741381, 4.69992743576], "id": 188}], "frame": 979, "size": 4}