{"timestamp": 98, "object_list": [{"position": [14.7611809287, 8.42755484748], "id": 17}, {"position": [15.153487893, 7.9951032904], "id": 18}], "frame": 98, "size": 2}