{"timestamp": 980, "object_list": [{"position": [0.9555115977, 8.70153629755], "id": 169}, {"position": [7.61715324757, 8.60320846007], "id": 186}, {"position": [7.33681372155, 4.47129134763], "id": 187}, {"position": [7.78489393994, 4.71687228154], "id": 188}], "frame": 980, "size": 4}