{"timestamp": 981, "object_list": [{"position": [0.953617411713, 8.70368423575], "id": 169}, {"position": [7.3730137204, 8.59366206808], "id": 186}, {"position": [6.91104280477, 4.53238825636], "id": 187}, {"position": [7.34523232593, 4.77725321086], "id": 188}], "frame": 981, "size": 4}