{"timestamp": 982, "object_list": [{"position": [0.951723225727, 8.70583217395], "id": 169}, {"position": [7.15581372727, 8.61800536765], "id": 186}, {"position": [6.485271888, 4.59348516508], "id": 187}, {"position": [6.92430210668, 4.88107022374], "id": 188}], "frame": 982, "size": 4}