{"timestamp": 983, "object_list": [{"position": [0.94982903974, 8.70798011214], "id": 169}, {"position": [6.94534861764, 8.65094042001], "id": 186}, {"position": [6.06560445941, 4.63477331044], "id": 187}, {"position": [6.50968584072, 4.96412383404], "id": 188}], "frame": 983, "size": 4}