{"timestamp": 99, "object_list": [{"position": [15.1989483567, 8.51347237538], "id": 17}, {"position": [0.313593013342, 5.1674619834], "id": 19}], "frame": 99, "size": 2}