{"timestamp": 107, "object_list": [{"position": [1.1895487996, 7.02876976136], "id": 8}, {"position": [14.80201116, 4.64360372302], "id": 19}, {"position": [6.92766954843, 5.23333208812], "id": 21}, {"position": [7.96968230619, 6.0779491193], "id": 22}], "frame": 107, "size": 4}