{"timestamp": 140, "object_list": [{"position": [4.86048124169, 7.34236873818], "id": 8}, {"position": [13.8797530496, 3.499707303], "id": 26}, {"position": [9.23457761504, 5.97795066322], "id": 27}], "frame": 140, "size": 3}