{"timestamp": 141, "object_list": [{"position": [4.80470798764, 7.32112801601], "id": 8}, {"position": [14.5176727969, 3.43455317768], "id": 26}, {"position": [8.63727763392, 6.03188777796], "id": 27}], "frame": 141, "size": 3}