{"timestamp": 142, "object_list": [{"position": [4.7491451987, 7.30012595363], "id": 8}, {"position": [15.155382079, 3.36939905235], "id": 26}, {"position": [8.0397671877, 6.08582489269], "id": 27}], "frame": 142, "size": 3}