{"timestamp": 143, "object_list": [{"position": [4.69337194465, 7.27912389126], "id": 8}, {"position": [7.37553930172, 6.12305582145], "id": 27}], "frame": 143, "size": 2}