{"timestamp": 144, "object_list": [{"position": [4.53552311243, 7.2466661585], "id": 8}, {"position": [6.71110095063, 6.1602867502], "id": 27}], "frame": 144, "size": 2}