{"timestamp": 145, "object_list": [{"position": [4.37767428021, 7.21396976594], "id": 8}, {"position": [6.04687306465, 6.19775633876], "id": 27}], "frame": 145, "size": 2}