{"timestamp": 146, "object_list": [{"position": [4.21982544799, 7.18151203318], "id": 8}, {"position": [5.42999982834, 6.25288675249], "id": 27}], "frame": 146, "size": 2}