{"timestamp": 147, "object_list": [{"position": [4.06197661577, 7.14905430042], "id": 8}, {"position": [4.82491263817, 6.31255170242], "id": 27}], "frame": 147, "size": 2}