{"timestamp": 148, "object_list": [{"position": [3.90496964399, 7.12113110385], "id": 8}, {"position": [4.21982544799, 6.37221665235], "id": 27}], "frame": 148, "size": 2}