{"timestamp": 149, "object_list": [{"position": [3.74838360243, 7.09678780428], "id": 8}, {"position": [3.63052314104, 6.48104552102], "id": 27}], "frame": 149, "size": 2}