{"timestamp": 150, "object_list": [{"position": [3.59200802598, 7.07220584491], "id": 8}, {"position": [3.05174408957, 6.62280944205], "id": 27}], "frame": 150, "size": 2}