{"timestamp": 151, "object_list": [{"position": [3.43542198442, 7.04786254534], "id": 8}, {"position": [2.4729650381, 6.76457336308], "id": 27}], "frame": 151, "size": 2}