{"timestamp": 152, "object_list": [{"position": [3.27631036154, 7.04762388554], "id": 8}, {"position": [1.94406621761, 6.96504759484], "id": 27}], "frame": 152, "size": 2}