{"timestamp": 153, "object_list": [{"position": [3.11635687823, 7.05812491673], "id": 8}, {"position": [1.48988251104, 7.25406461229], "id": 27}], "frame": 153, "size": 2}