{"timestamp": 154, "object_list": [{"position": [2.9561929298, 7.06838728811], "id": 8}, {"position": [1.12493601095, 7.56312905292], "id": 27}], "frame": 154, "size": 2}