{"timestamp": 155, "object_list": [{"position": [2.79602898138, 7.0788883193], "id": 8}, {"position": [0.849016252229, 7.89224091672], "id": 27}, {"position": [0.117018600952, 4.89348053332], "id": 28}, {"position": [0.119123252048, 5.75575838969], "id": 29}], "frame": 155, "size": 4}