{"timestamp": 184, "object_list": [{"position": [2.05982202791, 6.92710068668], "id": 8}, {"position": [5.54196726666, 4.96698775164], "id": 32}, {"position": [5.35991494683, 5.73236972932], "id": 33}, {"position": [0.582356958334, 6.83617130299], "id": 34}], "frame": 184, "size": 4}