{"timestamp": 197, "object_list": [{"position": [6.32047770716, 5.22187641773], "id": 32}, {"position": [5.72191493539, 5.79036406065], "id": 33}, {"position": [3.04037897365, 6.00539654019], "id": 34}, {"position": [2.56767433743, 5.42616920628], "id": 35}], "frame": 197, "size": 4}