{"timestamp": 198, "object_list": [{"position": [6.48758700421, 5.14908517882], "id": 32}, {"position": [5.97636725293, 5.78057900886], "id": 33}, {"position": [3.21506501464, 6.07532386151], "id": 34}, {"position": [2.77813944706, 5.46960528983], "id": 35}], "frame": 198, "size": 4}