{"timestamp": 199, "object_list": [{"position": [6.70562885778, 5.03834703175], "id": 32}, {"position": [6.30974398657, 5.71828880113], "id": 33}, {"position": [3.38954059052, 6.14525118282], "id": 34}, {"position": [2.98860455668, 5.51304137338], "id": 35}], "frame": 199, "size": 4}