{"timestamp": 200, "object_list": [{"position": [6.92346024624, 4.92737022488], "id": 32}, {"position": [6.72225560144, 5.60373209727], "id": 33}, {"position": [3.5640161664, 6.21493984434], "id": 34}, {"position": [3.15697664438, 5.56673982832], "id": 35}], "frame": 200, "size": 4}