{"timestamp": 201, "object_list": [{"position": [7.29156372298, 4.84240733619], "id": 32}, {"position": [7.13476721631, 5.48917539341], "id": 33}, {"position": [3.63052314104, 6.26171716508], "id": 34}, {"position": [3.32534873208, 5.62043828325], "id": 35}], "frame": 201, "size": 4}