{"timestamp": 202, "object_list": [{"position": [7.67608347826, 4.76006970528], "id": 32}, {"position": [7.58053231849, 5.45409240285], "id": 33}, {"position": [3.66988011654, 6.30276665063], "id": 34}, {"position": [3.49372081978, 5.67413673819], "id": 35}], "frame": 202, "size": 4}