{"timestamp": 219, "object_list": [{"position": [8.09659276729, 5.82425375221], "id": 34}, {"position": [7.88739044833, 4.85195372817], "id": 35}, {"position": [12.0943775246, 3.5789423565], "id": 36}, {"position": [8.17867416005, 6.46600995364], "id": 37}], "frame": 219, "size": 4}