{"timestamp": 220, "object_list": [{"position": [8.43060089627, 5.73618828611], "id": 34}, {"position": [8.19024974108, 4.7500459937], "id": 35}, {"position": [12.8951972668, 3.43884905407], "id": 36}, {"position": [7.5893718531, 6.55359810013], "id": 37}], "frame": 220, "size": 4}