{"timestamp": 221, "object_list": [{"position": [8.76439856014, 5.64788416022], "id": 34}, {"position": [8.49542415003, 4.64861557882], "id": 35}, {"position": [13.6958065438, 3.29875575164], "id": 36}, {"position": [7.00006954615, 6.64118624663], "id": 37}], "frame": 221, "size": 4}