{"timestamp": 222, "object_list": [{"position": [9.09840668911, 5.55981869412], "id": 34}, {"position": [8.80059855899, 4.54718516394], "id": 35}, {"position": [14.4964158208, 3.15866244921], "id": 36}, {"position": [6.42928816884, 6.69822593876], "id": 37}], "frame": 222, "size": 4}