{"timestamp": 223, "object_list": [{"position": [9.42104970217, 5.48225425922], "id": 34}, {"position": [9.10577296795, 4.44575474906], "id": 35}, {"position": [5.86334748906, 6.7473898575], "id": 37}], "frame": 223, "size": 3}