{"timestamp": 224, "object_list": [{"position": [9.69844271665, 5.44836456766], "id": 34}, {"position": [9.44714737576, 4.34981350958], "id": 35}, {"position": [5.29719634416, 6.79679243604], "id": 37}], "frame": 224, "size": 3}