{"timestamp": 225, "object_list": [{"position": [9.97562526603, 5.4142362163], "id": 34}, {"position": [9.80409620169, 4.25649752789], "id": 35}, {"position": [4.69526613064, 6.86695841716], "id": 37}], "frame": 225, "size": 3}