{"timestamp": 226, "object_list": [{"position": [10.2530182805, 5.38010786494], "id": 34}, {"position": [10.1608345625, 4.1629428864], "id": 35}, {"position": [4.08933708002, 6.93927233647], "id": 37}], "frame": 226, "size": 3}