{"timestamp": 227, "object_list": [{"position": [10.5302008299, 5.34597951358], "id": 34}, {"position": [10.5177833884, 4.06962690471], "id": 35}, {"position": [3.48361849452, 7.01158625578], "id": 37}], "frame": 227, "size": 3}