{"timestamp": 228, "object_list": [{"position": [10.8075938444, 5.31185116222], "id": 34}, {"position": [10.870312447, 3.98585731501], "id": 35}, {"position": [2.93977665125, 7.11444862946], "id": 37}], "frame": 228, "size": 3}