{"timestamp": 229, "object_list": [{"position": [11.0847763938, 5.27772281086], "id": 34}, {"position": [11.1828531348, 3.98943721201], "id": 35}, {"position": [2.43739643457, 7.23759708611], "id": 37}], "frame": 229, "size": 3}