{"timestamp": 230, "object_list": [{"position": [11.3390182462, 5.21543260314], "id": 34}, {"position": [11.4953938226, 3.99301710901], "id": 35}, {"position": [1.9350162179, 7.36074554276], "id": 37}], "frame": 230, "size": 3}