{"timestamp": 231, "object_list": [{"position": [11.5909449824, 5.14980115822], "id": 34}, {"position": [11.8079345104, 3.996597006], "id": 35}, {"position": [1.49745925499, 7.48651925721], "id": 37}], "frame": 231, "size": 3}