{"timestamp": 232, "object_list": [{"position": [11.8426612535, 5.0844083731], "id": 34}, {"position": [12.1206856633, 3.9999382432], "id": 35}, {"position": [1.12514647606, 7.61515688926], "id": 37}], "frame": 232, "size": 3}