{"timestamp": 233, "object_list": [{"position": [12.0943775246, 5.01877692817], "id": 34}, {"position": [12.4332263511, 4.00351814019], "id": 35}, {"position": [0.752833697131, 7.7435558615], "id": 37}], "frame": 233, "size": 3}