{"timestamp": 234, "object_list": [{"position": [12.3460937957, 4.95338414305], "id": 34}, {"position": [12.7457670389, 4.00709803719], "id": 35}, {"position": [0.6800127692, 7.92756256708], "id": 37}], "frame": 234, "size": 3}