{"timestamp": 235, "object_list": [{"position": [12.6603182044, 4.88608207953], "id": 34}, {"position": [13.0496786572, 3.98561865521], "id": 35}, {"position": [0.6406557937, 8.11777442745], "id": 37}], "frame": 235, "size": 3}