{"timestamp": 236, "object_list": [{"position": [12.9903274963, 4.81830269641], "id": 34}, {"position": [13.333385625, 3.90614494191], "id": 35}, {"position": [0.601088353091, 8.30798628782], "id": 37}], "frame": 236, "size": 3}