{"timestamp": 237, "object_list": [{"position": [13.3201263231, 4.7505233133], "id": 34}, {"position": [13.6170925928, 3.82643256881], "id": 35}, {"position": [0.561731377591, 8.4981981482], "id": 37}], "frame": 237, "size": 3}