{"timestamp": 238, "object_list": [{"position": [13.650135615, 4.68298258998], "id": 34}, {"position": [13.9007995605, 3.7469588555], "id": 35}, {"position": [0.522163936981, 8.68841000857], "id": 37}], "frame": 238, "size": 3}