{"timestamp": 239, "object_list": [{"position": [13.9799344418, 4.61520320686], "id": 34}, {"position": [14.1845065283, 3.6674851422], "id": 35}, {"position": [0.482806961481, 8.87862186894], "id": 37}], "frame": 239, "size": 3}