{"timestamp": 240, "object_list": [{"position": [14.3099437337, 4.54742382374], "id": 34}, {"position": [14.468003031, 3.58777276909], "id": 35}, {"position": [0.443239520871, 9.06859506951], "id": 37}], "frame": 240, "size": 3}