{"timestamp": 241, "object_list": [{"position": [14.6397425604, 4.47964444062], "id": 34}, {"position": [14.7517099988, 3.50829905579], "id": 35}], "frame": 241, "size": 2}