{"timestamp": 242, "object_list": [{"position": [14.9697518523, 4.4118650575], "id": 34}, {"position": [15.0354169665, 3.42882534248], "id": 35}], "frame": 242, "size": 2}