{"timestamp": 252, "object_list": [{"position": [14.9712251081, 4.48107639942], "id": 38}], "frame": 252, "size": 1}