{"timestamp": 253, "object_list": [{"position": [14.4778948911, 4.53859341115], "id": 38}, {"position": [14.7205611625, 5.03906301115], "id": 39}], "frame": 253, "size": 2}