{"timestamp": 254, "object_list": [{"position": [13.9843542091, 4.59634908268], "id": 38}, {"position": [14.2169181552, 5.10731971387], "id": 39}], "frame": 254, "size": 2}