{"timestamp": 255, "object_list": [{"position": [13.490813527, 4.65386609441], "id": 38}, {"position": [13.7132751479, 5.17557641659], "id": 39}], "frame": 255, "size": 2}