{"timestamp": 256, "object_list": [{"position": [12.9278193587, 4.67773207438], "id": 38}, {"position": [13.1403891195, 5.25337951129], "id": 39}], "frame": 256, "size": 2}