{"timestamp": 257, "object_list": [{"position": [12.3648251905, 4.70159805435], "id": 38}, {"position": [12.5214112321, 5.33762642059], "id": 39}], "frame": 257, "size": 2}