{"timestamp": 258, "object_list": [{"position": [11.8018310223, 4.72546403433], "id": 38}, {"position": [11.9024333447, 5.42187332989], "id": 39}], "frame": 258, "size": 2}