{"timestamp": 259, "object_list": [{"position": [11.238836854, 4.7493300143], "id": 38}, {"position": [11.3030287124, 5.4970511668], "id": 39}], "frame": 259, "size": 2}