{"timestamp": 260, "object_list": [{"position": [10.7227764052, 4.76627486008], "id": 38}, {"position": [10.781917101, 5.53690735335], "id": 39}], "frame": 260, "size": 2}