{"timestamp": 261, "object_list": [{"position": [10.2065054913, 4.78345836566], "id": 38}, {"position": [10.2605950245, 5.5767635399], "id": 39}], "frame": 261, "size": 2}