{"timestamp": 262, "object_list": [{"position": [9.69044504249, 4.80040321144], "id": 38}, {"position": [9.73948341303, 5.61638106666], "id": 39}], "frame": 262, "size": 2}