{"timestamp": 263, "object_list": [{"position": [9.17417412858, 4.81758671702], "id": 38}, {"position": [9.2183718016, 5.65623725321], "id": 39}], "frame": 263, "size": 2}