{"timestamp": 264, "object_list": [{"position": [8.64422298254, 4.8297583668], "id": 38}, {"position": [8.71914856157, 5.65074807782], "id": 39}], "frame": 264, "size": 2}