{"timestamp": 265, "object_list": [{"position": [8.11069392964, 4.84097537739], "id": 38}, {"position": [8.21992532153, 5.64502024262], "id": 39}], "frame": 265, "size": 2}