{"timestamp": 266, "object_list": [{"position": [7.57716487674, 4.85195372817], "id": 38}, {"position": [7.7207020815, 5.63953106723], "id": 39}], "frame": 266, "size": 2}