{"timestamp": 267, "object_list": [{"position": [7.04363582384, 4.86317073876], "id": 38}, {"position": [7.22147884147, 5.63404189184], "id": 39}], "frame": 267, "size": 2}