{"timestamp": 268, "object_list": [{"position": [6.51389514291, 4.81520011902], "id": 38}, {"position": [6.73362071736, 5.65194137681], "id": 39}], "frame": 268, "size": 2}