{"timestamp": 269, "object_list": [{"position": [5.98773236885, 4.70851918855], "id": 38}, {"position": [6.25081375588, 5.68010323318], "id": 39}], "frame": 269, "size": 2}