{"timestamp": 270, "object_list": [{"position": [5.46156959478, 4.60183825807], "id": 38}, {"position": [5.7680067944, 5.70826508955], "id": 39}], "frame": 270, "size": 2}