{"timestamp": 271, "object_list": [{"position": [4.93540682072, 4.4949186678], "id": 38}, {"position": [5.26709983349, 5.67890993418], "id": 39}], "frame": 271, "size": 2}