{"timestamp": 272, "object_list": [{"position": [4.41808358126, 4.35601866437], "id": 38}, {"position": [4.72431031576, 5.51566663118], "id": 39}], "frame": 272, "size": 2}