{"timestamp": 273, "object_list": [{"position": [3.90454871377, 4.20327639255], "id": 38}, {"position": [4.18152079804, 5.35218466837], "id": 39}], "frame": 273, "size": 2}