{"timestamp": 274, "object_list": [{"position": [3.38785686964, 4.06413772932], "id": 38}, {"position": [3.63873128032, 5.18894136537], "id": 39}], "frame": 274, "size": 2}