{"timestamp": 275, "object_list": [{"position": [2.85832665382, 3.97941350042], "id": 38}, {"position": [3.10246618099, 5.03667641315], "id": 39}], "frame": 275, "size": 2}