{"timestamp": 276, "object_list": [{"position": [2.32879643801, 3.89468927152], "id": 38}, {"position": [2.57230456984, 4.89515115192], "id": 39}], "frame": 276, "size": 2}