{"timestamp": 277, "object_list": [{"position": [1.79610924554, 3.81187432102], "id": 38}, {"position": [2.04235342381, 4.75386455049], "id": 39}], "frame": 277, "size": 2}