{"timestamp": 278, "object_list": [{"position": [1.23732437949, 3.7462428761], "id": 38}, {"position": [1.50251041762, 4.65601403261], "id": 39}], "frame": 278, "size": 2}