{"timestamp": 279, "object_list": [{"position": [0.678539513433, 3.68037277138], "id": 38}, {"position": [0.960562760331, 4.56914186551], "id": 39}], "frame": 279, "size": 2}