{"timestamp": 280, "object_list": [{"position": [0.119754647377, 3.61450266666], "id": 38}, {"position": [0.418404637936, 4.48250835822], "id": 39}], "frame": 280, "size": 2}