{"timestamp": 281, "object_list": [{"position": [-0.12375348446, 4.39563619112], "id": 39}], "frame": 281, "size": 1}