{"timestamp": 287, "object_list": [{"position": [15.0358378968, 3.83574030099], "id": 40}], "frame": 287, "size": 1}