{"timestamp": 288, "object_list": [{"position": [14.5279855872, 3.90161040572], "id": 40}, {"position": [15.0236309204, 4.25530422889], "id": 41}], "frame": 288, "size": 2}