{"timestamp": 289, "object_list": [{"position": [14.0199228126, 3.96748051044], "id": 40}, {"position": [14.567763493, 4.3269021688], "id": 41}], "frame": 289, "size": 2}