{"timestamp": 290, "object_list": [{"position": [13.511860038, 4.03335061516], "id": 40}, {"position": [14.1116856004, 4.39850010872], "id": 41}], "frame": 290, "size": 2}