{"timestamp": 291, "object_list": [{"position": [13.0526251688, 4.09850474048], "id": 40}, {"position": [13.6532925916, 4.47272330643], "id": 41}], "frame": 291, "size": 2}