{"timestamp": 292, "object_list": [{"position": [12.5933902996, 4.163420206], "id": 40}, {"position": [13.1732216766, 4.56961918511], "id": 41}], "frame": 292, "size": 2}