{"timestamp": 293, "object_list": [{"position": [12.1343658955, 4.22857433132], "id": 40}, {"position": [12.6929402964, 4.6665150638], "id": 41}, {"position": [-0.0926046482352, 5.76124756508], "id": 42}], "frame": 293, "size": 3}