{"timestamp": 294, "object_list": [{"position": [11.6340903299, 4.27964752846], "id": 40}, {"position": [12.2128693814, 4.76341094248], "id": 41}, {"position": [0.454604636791, 5.73738158511], "id": 42}], "frame": 294, "size": 3}