{"timestamp": 295, "object_list": [{"position": [11.1165566253, 4.32499289041], "id": 40}, {"position": [11.7765752091, 4.8321449648], "id": 41}, {"position": [1.00181392182, 5.71351560514], "id": 42}], "frame": 295, "size": 3}