{"timestamp": 296, "object_list": [{"position": [10.5988124556, 4.37009959255], "id": 40}, {"position": [11.3451217344, 4.89777640972], "id": 41}, {"position": [1.54902320684, 5.68964962517], "id": 42}], "frame": 296, "size": 3}