{"timestamp": 297, "object_list": [{"position": [10.0812787511, 4.4152062947], "id": 40}, {"position": [10.9136682596, 4.96340785464], "id": 41}, {"position": [2.06866156251, 5.69704807896], "id": 42}], "frame": 297, "size": 3}