{"timestamp": 298, "object_list": [{"position": [9.6294101607, 4.499453204], "id": 40}, {"position": [10.4822147849, 5.02903929956], "id": 41}, {"position": [2.57019991875, 5.72497127553], "id": 42}], "frame": 298, "size": 3}