{"timestamp": 299, "object_list": [{"position": [9.17754157033, 4.5837001133], "id": 40}, {"position": [10.0448682871, 5.00660527839], "id": 41}, {"position": [3.07152780987, 5.75313313189], "id": 42}], "frame": 299, "size": 3}