{"timestamp": 300, "object_list": [{"position": [8.72567297996, 4.6679470226], "id": 40}, {"position": [9.60689039397, 4.97438620543], "id": 41}, {"position": [3.56822546859, 5.77676045206], "id": 42}], "frame": 300, "size": 3}