{"timestamp": 301, "object_list": [{"position": [8.26706950609, 4.7481367153], "id": 40}, {"position": [9.16891250084, 4.94216713247], "id": 41}, {"position": [4.04598126744, 5.78320426666], "id": 42}], "frame": 301, "size": 3}