{"timestamp": 302, "object_list": [{"position": [7.80404626491, 4.82570115021], "id": 40}, {"position": [8.73787995632, 4.92999548268], "id": 41}, {"position": [4.5239475314, 5.78964808125], "id": 42}], "frame": 302, "size": 3}