{"timestamp": 303, "object_list": [{"position": [7.34102302374, 4.90326558511], "id": 40}, {"position": [8.3350497365, 4.9982521854], "id": 41}, {"position": [5.00170333025, 5.79609189584], "id": 42}, {"position": [14.7361355807, 4.60207691787], "id": 43}], "frame": 303, "size": 4}