{"timestamp": 351, "object_list": [{"position": [0.624870910478, 7.27315739627], "id": 50}, {"position": [10.1825124688, 2.77227223347], "id": 51}, {"position": [8.22224043774, 3.68323668898], "id": 52}, {"position": [7.87139509999, 5.27438157367], "id": 53}], "frame": 351, "size": 4}