{"timestamp": 352, "object_list": [{"position": [10.8090671001, 2.7474516143], "id": 51}, {"position": [8.88857297481, 3.64361916223], "id": 52}, {"position": [8.45017415146, 5.19228260257], "id": 53}], "frame": 352, "size": 3}