{"timestamp": 353, "object_list": [{"position": [11.4356217315, 2.72239233533], "id": 51}, {"position": [9.555115977, 3.60376297567], "id": 52}, {"position": [9.02895320294, 5.11018363146], "id": 53}], "frame": 353, "size": 3}