{"timestamp": 354, "object_list": [{"position": [12.0621763629, 2.69733305636], "id": 51}, {"position": [10.2216589792, 3.56390678912], "id": 52}, {"position": [9.60773225441, 5.02832332016], "id": 53}], "frame": 354, "size": 3}