{"timestamp": 355, "object_list": [{"position": [12.6885205291, 2.67251243719], "id": 51}, {"position": [10.8450566339, 3.51665214878], "id": 52}, {"position": [10.1827229339, 4.86150012016], "id": 53}], "frame": 355, "size": 3}