{"timestamp": 356, "object_list": [{"position": [13.3150751605, 2.64745315822], "id": 51}, {"position": [11.4579310331, 3.46748823004], "id": 52}, {"position": [10.7566612879, 4.67343619799], "id": 53}], "frame": 356, "size": 3}