{"timestamp": 357, "object_list": [{"position": [13.9416297918, 2.62239387925], "id": 51}, {"position": [12.0708054324, 3.4185629711], "id": 52}, {"position": [11.3305996418, 4.48537227581], "id": 53}, {"position": [15.1021344063, 3.9149753545], "id": 54}], "frame": 357, "size": 4}