{"timestamp": 364, "object_list": [{"position": [13.7644181695, 4.59420114448], "id": 54}, {"position": [13.8065111914, 3.69922689556], "id": 55}, {"position": [1.637629018, 6.69750995936], "id": 56}, {"position": [14.4743169843, 4.93047280228], "id": 58}], "frame": 364, "size": 4}