{"timestamp": 398, "object_list": [{"position": [10.662793849, 4.50446505979], "id": 60}, {"position": [10.4342287399, 3.75769854649], "id": 61}, {"position": [10.6215426875, 3.27488977167], "id": 62}, {"position": [11.3447008041, 0.381855679542], "id": 64}], "frame": 398, "size": 4}