{"timestamp": 399, "object_list": [{"position": [11.1704356934, 4.52260320457], "id": 60}, {"position": [10.9557612816, 3.76867689728], "id": 61}, {"position": [11.1125577882, 3.30138100944], "id": 62}, {"position": [11.1508624382, 0.143195879828], "id": 64}], "frame": 399, "size": 4}