{"timestamp": 400, "object_list": [{"position": [11.665028701, 4.54646918454], "id": 60}, {"position": [11.4770833581, 3.77941658826], "id": 61}, {"position": [11.603572889, 3.3278722472], "id": 62}, {"position": [10.9570240722, -0.0954639198854], "id": 64}], "frame": 400, "size": 4}