{"timestamp": 408, "object_list": [{"position": [12.995589124, 10.2370734489], "id": 65}, {"position": [13.5804716637, 10.5540136629], "id": 66}], "frame": 408, "size": 2}