{"timestamp": 409, "object_list": [{"position": [12.9913798219, 9.98862859741], "id": 65}, {"position": [13.6354030573, 10.2478131399], "id": 66}], "frame": 409, "size": 2}