{"timestamp": 410, "object_list": [{"position": [12.9869600546, 9.74018374591], "id": 65}, {"position": [13.6903344509, 9.94185127666], "id": 66}], "frame": 410, "size": 2}