{"timestamp": 411, "object_list": [{"position": [12.987801915, 9.48648837881], "id": 65}, {"position": [13.7090658457, 9.6628579708], "id": 66}], "frame": 411, "size": 2}