{"timestamp": 412, "object_list": [{"position": [12.9909588916, 9.23016775392], "id": 65}, {"position": [13.7189577058, 9.39102445892], "id": 66}], "frame": 412, "size": 2}