{"timestamp": 413, "object_list": [{"position": [12.9941158683, 8.97384712903], "id": 65}, {"position": [13.7286391009, 9.11895228725], "id": 66}], "frame": 413, "size": 2}