{"timestamp": 414, "object_list": [{"position": [12.9970623798, 8.71776516393], "id": 65}, {"position": [13.738530961, 8.84711877538], "id": 66}], "frame": 414, "size": 2}