{"timestamp": 415, "object_list": [{"position": [13.0002193565, 8.46144453904], "id": 65}, {"position": [13.7412670075, 8.56788680971], "id": 66}], "frame": 415, "size": 2}