{"timestamp": 416, "object_list": [{"position": [13.0033763331, 8.20536257395], "id": 65}, {"position": [13.7370577053, 8.28149505006], "id": 66}], "frame": 416, "size": 2}