{"timestamp": 417, "object_list": [{"position": [13.0065333097, 7.94904194906], "id": 65}, {"position": [13.7328484031, 7.9951032904], "id": 66}], "frame": 417, "size": 2}