{"timestamp": 418, "object_list": [{"position": [12.9492867999, 7.663127509], "id": 65}, {"position": [13.7286391009, 7.70871153074], "id": 66}], "frame": 418, "size": 2}