{"timestamp": 419, "object_list": [{"position": [12.8855158717, 7.37387183175], "id": 65}, {"position": [13.7244297987, 7.42231977109], "id": 66}], "frame": 419, "size": 2}