{"timestamp": 420, "object_list": [{"position": [12.8217449435, 7.08461615449], "id": 65}, {"position": [13.6583437543, 7.12566564004], "id": 66}], "frame": 420, "size": 2}