{"timestamp": 421, "object_list": [{"position": [12.6973600637, 6.8256702718], "id": 65}, {"position": [13.5305914327, 6.81874913761], "id": 66}], "frame": 421, "size": 2}