{"timestamp": 422, "object_list": [{"position": [12.532776348, 6.58701047209], "id": 65}, {"position": [13.4028391112, 6.51207129498], "id": 66}], "frame": 422, "size": 2}