{"timestamp": 423, "object_list": [{"position": [12.3300984474, 6.37985376594], "id": 65}, {"position": [13.1435460961, 6.22711149412], "id": 66}], "frame": 423, "size": 2}