{"timestamp": 424, "object_list": [{"position": [12.0392356659, 6.2466815977], "id": 65}, {"position": [12.8278484317, 5.95169808525], "id": 66}], "frame": 424, "size": 2}