{"timestamp": 425, "object_list": [{"position": [11.7483728844, 6.11327076966], "id": 65}, {"position": [12.5009961164, 5.69394550156], "id": 66}], "frame": 425, "size": 2}