{"timestamp": 426, "object_list": [{"position": [11.4572996378, 5.97985994162], "id": 65}, {"position": [12.0733310137, 5.59394704548], "id": 66}], "frame": 426, "size": 2}