{"timestamp": 427, "object_list": [{"position": [11.0955101143, 5.97818932302], "id": 65}, {"position": [11.6454554458, 5.4937099296], "id": 66}], "frame": 427, "size": 2}