{"timestamp": 428, "object_list": [{"position": [10.7257229167, 5.99107695221], "id": 65}, {"position": [11.217790343, 5.39371147352], "id": 66}], "frame": 428, "size": 2}