{"timestamp": 429, "object_list": [{"position": [10.3559357191, 6.00396458139], "id": 65}, {"position": [10.7785496593, 5.40922436051], "id": 66}], "frame": 429, "size": 2}