{"timestamp": 430, "object_list": [{"position": [9.98846363772, 6.02973983976], "id": 65}, {"position": [10.3393089755, 5.42473724749], "id": 66}], "frame": 430, "size": 2}