{"timestamp": 431, "object_list": [{"position": [9.63025202114, 6.10706561487], "id": 65}, {"position": [9.90006829168, 5.44048879427], "id": 66}, {"position": [15.159170451, 6.89941614992], "id": 67}], "frame": 431, "size": 3}