{"timestamp": 432, "object_list": [{"position": [9.27182993944, 6.18463004977], "id": 65}, {"position": [9.46082760789, 5.45600168125], "id": 66}, {"position": [14.7190879068, 6.81254398282], "id": 67}], "frame": 432, "size": 3}