{"timestamp": 433, "object_list": [{"position": [8.91340785775, 6.26195582488], "id": 65}, {"position": [9.02705901695, 5.4987217854], "id": 66}, {"position": [14.2790053625, 6.72591047552], "id": 67}], "frame": 433, "size": 3}