{"timestamp": 434, "object_list": [{"position": [8.54698810189, 6.34357747638], "id": 65}, {"position": [8.60107763507, 5.5817753957], "id": 66}, {"position": [13.8391332834, 6.63903830843], "id": 67}], "frame": 434, "size": 3}