{"timestamp": 435, "object_list": [{"position": [8.17236020676, 6.42949500428], "id": 65}, {"position": [8.17530671829, 5.6650676658], "id": 66}, {"position": [13.4032600414, 6.51445789298], "id": 67}, {"position": [0.0822918578636, 3.93263617968], "id": 68}], "frame": 435, "size": 4}