{"timestamp": 458, "object_list": [{"position": [2.87621618814, 6.55526871873], "id": 67}, {"position": [9.88933457108, 3.94480782946], "id": 68}, {"position": [9.75147992428, 4.79037949985], "id": 70}, {"position": [2.33616271684, 3.9140207153], "id": 71}], "frame": 458, "size": 4}