{"timestamp": 459, "object_list": [{"position": [2.4620208524, 6.55145016193], "id": 67}, {"position": [10.2113461888, 3.98705061401], "id": 68}, {"position": [10.0322403805, 4.86340939856], "id": 70}, {"position": [2.70300340292, 3.63455008984], "id": 71}], "frame": 459, "size": 4}