{"timestamp": 460, "object_list": [{"position": [2.04803598177, 6.54739294534], "id": 67}, {"position": [10.5331473414, 4.02905473876], "id": 68}, {"position": [10.2940589769, 4.94025785407], "id": 70}, {"position": [3.069844089, 3.35484080457], "id": 71}], "frame": 460, "size": 4}