{"timestamp": 461, "object_list": [{"position": [1.63405111113, 6.54357438854], "id": 67}, {"position": [10.8345333784, 4.15769237081], "id": 68}, {"position": [10.5434601318, 5.01973156737], "id": 70}, {"position": [3.43668477508, 3.07537017911], "id": 71}], "frame": 461, "size": 4}