{"timestamp": 462, "object_list": [{"position": [1.2200662405, 6.53975583175], "id": 67}, {"position": [11.1336042992, 4.29587639484], "id": 68}, {"position": [10.7928612867, 5.09944394048], "id": 70}, {"position": [3.80331499604, 2.79566089384], "id": 71}], "frame": 462, "size": 4}