{"timestamp": 463, "object_list": [{"position": [0.799767416577, 6.60180737967], "id": 67}, {"position": [11.3680624313, 4.44599340886], "id": 68}, {"position": [11.0471031391, 5.18655476737], "id": 70}], "frame": 463, "size": 3}