{"timestamp": 464, "object_list": [{"position": [0.378837197326, 6.67149604119], "id": 67}, {"position": [11.6027310285, 4.59587176308], "id": 68}, {"position": [11.3019763869, 5.27438157367], "id": 70}], "frame": 464, "size": 3}