{"timestamp": 465, "object_list": [{"position": [-0.0420930219251, 6.74118470271], "id": 67}, {"position": [11.8371891607, 4.7459887771], "id": 68}, {"position": [11.5749496341, 5.42282796909], "id": 70}], "frame": 465, "size": 3}