{"timestamp": 466, "object_list": [{"position": [12.0886949667, 4.90326558511], "id": 68}, {"position": [11.8481333464, 5.57103570471], "id": 70}], "frame": 466, "size": 2}