{"timestamp": 467, "object_list": [{"position": [12.3572484466, 5.06770218712], "id": 68}, {"position": [12.1211065936, 5.71948210013], "id": 70}, {"position": [0.523847657858, 4.11091505006], "id": 72}], "frame": 467, "size": 3}