{"timestamp": 468, "object_list": [{"position": [12.6258019264, 5.23237744892], "id": 68}, {"position": [12.3671403067, 5.87413365035], "id": 70}, {"position": [1.1085197324, 4.17057999999], "id": 72}], "frame": 468, "size": 3}