{"timestamp": 469, "object_list": [{"position": [12.9337123818, 5.42044137109], "id": 68}, {"position": [12.5498240219, 6.04382076794], "id": 70}, {"position": [1.69298134183, 4.23024494992], "id": 72}], "frame": 469, "size": 3}