{"timestamp": 470, "object_list": [{"position": [13.2679309759, 5.62401818025], "id": 68}, {"position": [12.732507737, 6.21326922574], "id": 70}, {"position": [2.27765341637, 4.28990989985], "id": 72}], "frame": 470, "size": 3}