{"timestamp": 471, "object_list": [{"position": [13.60214957, 5.8275949894], "id": 68}, {"position": [12.9154019173, 6.38295634334], "id": 70}, {"position": [2.82086386431, 4.20112845436], "id": 72}], "frame": 471, "size": 3}