{"timestamp": 472, "object_list": [{"position": [13.9359472339, 6.01637489098], "id": 68}, {"position": [13.1403891195, 6.50634345979], "id": 70}, {"position": [3.35944407984, 4.09587948268], "id": 72}], "frame": 472, "size": 3}