{"timestamp": 45, "object_list": [{"position": [2.01351970379, 7.03044037996], "id": 8}, {"position": [1.1588208936, 3.32572430901], "id": 9}, {"position": [8.67810786519, 4.64121712503], "id": 12}, {"position": [8.31673927196, 4.08752638969], "id": 13}], "frame": 45, "size": 4}