{"timestamp": 473, "object_list": [{"position": [14.2676402466, 6.14668314162], "id": 68}, {"position": [13.4076798087, 6.5836692349], "id": 70}, {"position": [3.89802429537, 3.99063051101], "id": 72}], "frame": 473, "size": 3}