{"timestamp": 474, "object_list": [{"position": [14.5993332594, 6.27675273246], "id": 68}, {"position": [13.675180963, 6.6612336698], "id": 70}, {"position": [4.43786730156, 3.95483154105], "id": 72}], "frame": 474, "size": 3}