{"timestamp": 476, "object_list": [{"position": [14.2409111777, 6.88127800514], "id": 70}, {"position": [5.52028936037, 4.02308824377], "id": 72}, {"position": [14.1074762982, 4.59992897968], "id": 73}, {"position": [14.5023088439, 5.20875012875], "id": 74}], "frame": 476, "size": 4}