{"timestamp": 477, "object_list": [{"position": [14.5469274471, 7.04046409155], "id": 70}, {"position": [6.06139515722, 4.05721659513], "id": 72}, {"position": [13.5091239915, 4.54098000915], "id": 73}, {"position": [13.9565728146, 5.23858260371], "id": 74}], "frame": 477, "size": 4}