{"timestamp": 478, "object_list": [{"position": [14.8531541816, 7.19965017796], "id": 70}, {"position": [6.60649979115, 4.09062896709], "id": 72}, {"position": [12.9688600551, 4.45339186265], "id": 73}, {"position": [13.4106263202, 5.26841507867], "id": 74}], "frame": 478, "size": 4}