{"timestamp": 479, "object_list": [{"position": [15.159170451, 7.35859760456], "id": 70}, {"position": [7.16065442479, 4.12237072045], "id": 72}, {"position": [12.4285961187, 4.36580371616], "id": 73}, {"position": [12.8316368036, 5.29944085264], "id": 74}], "frame": 479, "size": 4}