{"timestamp": 480, "object_list": [{"position": [7.71501952354, 4.15435113361], "id": 72}, {"position": [11.882018229, 4.32117433361], "id": 73}, {"position": [12.2446496129, 5.3309439462], "id": 74}], "frame": 480, "size": 3}