{"timestamp": 481, "object_list": [{"position": [8.26622764565, 4.15339649441], "id": 72}, {"position": [11.3089217355, 4.44694804806], "id": 73}, {"position": [11.657451957, 5.36220837996], "id": 74}], "frame": 481, "size": 3}