{"timestamp": 482, "object_list": [{"position": [8.81112181447, 4.07607071931], "id": 72}, {"position": [10.7360357071, 4.57296042231], "id": 73}, {"position": [11.0704647663, 5.39371147352], "id": 74}, {"position": [15.2713483544, 4.35315474677], "id": 75}], "frame": 482, "size": 4}