{"timestamp": 483, "object_list": [{"position": [9.35580551818, 3.998983604], "id": 72}, {"position": [10.1631496787, 4.69897279656], "id": 73}, {"position": [10.5074705981, 5.39967796852], "id": 74}, {"position": [14.5557669817, 4.44861866666], "id": 75}], "frame": 483, "size": 4}