{"timestamp": 484, "object_list": [{"position": [9.90048922189, 3.92165782889], "id": 72}, {"position": [9.59931365002, 4.70995114734], "id": 73}, {"position": [9.94447642981, 5.40564446351], "id": 74}, {"position": [13.840185609, 4.54408258654], "id": 75}], "frame": 484, "size": 4}