{"timestamp": 485, "object_list": [{"position": [10.4447519954, 3.98203875822], "id": 72}, {"position": [9.04158110951, 4.64431970242], "id": 73}, {"position": [9.38148226156, 5.4116109585], "id": 74}, {"position": [13.1302867942, 4.64360372302], "id": 75}], "frame": 485, "size": 4}