{"timestamp": 486, "object_list": [{"position": [10.9888043038, 4.05769391473], "id": 72}, {"position": [8.48384856901, 4.5786882575], "id": 73}, {"position": [8.81848809331, 5.4175774535], "id": 74}, {"position": [12.4706891406, 4.77868516966], "id": 75}], "frame": 486, "size": 4}