{"timestamp": 487, "object_list": [{"position": [11.5330670773, 4.13358773104], "id": 72}, {"position": [7.9261160285, 4.51305681258], "id": 73}, {"position": [8.26664857587, 5.40707642231], "id": 74}, {"position": [11.8113019522, 4.9140052761], "id": 75}], "frame": 487, "size": 4}