{"timestamp": 488, "object_list": [{"position": [12.0771193856, 4.20924288755], "id": 72}, {"position": [7.38732534786, 4.4111490781], "id": 73}, {"position": [7.71480905843, 5.39633673132], "id": 74}, {"position": [11.1552822055, 5.04693878454], "id": 75}], "frame": 488, "size": 4}