{"timestamp": 489, "object_list": [{"position": [12.6283275078, 4.28800062145], "id": 72}, {"position": [6.86116257379, 4.28537536365], "id": 73}, {"position": [7.16275907589, 5.38583570013], "id": 74}, {"position": [10.530411295, 5.15887023061], "id": 75}], "frame": 489, "size": 4}