{"timestamp": 490, "object_list": [{"position": [13.1812193507, 4.36747433476], "id": 72}, {"position": [6.33499979973, 4.15936298941], "id": 73}, {"position": [6.61091955845, 5.37509600915], "id": 74}, {"position": [9.90575084964, 5.27056301687], "id": 75}], "frame": 490, "size": 4}