{"timestamp": 491, "object_list": [{"position": [13.7343216588, 4.44694804806], "id": 72}, {"position": [5.80883702566, 4.03335061516], "id": 73}, {"position": [6.04182190202, 5.34717281258], "id": 74}, {"position": [9.28087993916, 5.38249446294], "id": 75}], "frame": 491, "size": 4}