{"timestamp": 492, "object_list": [{"position": [14.2872135018, 4.52666042116], "id": 72}, {"position": [5.25489285713, 3.98299339742], "id": 73}, {"position": [5.4554661066, 5.30158879083], "id": 74}, {"position": [8.68252763249, 5.498005806], "id": 75}], "frame": 492, "size": 4}