{"timestamp": 493, "object_list": [{"position": [14.8403158099, 4.60613413447], "id": 72}, {"position": [4.70115915371, 3.93287483948], "id": 73}, {"position": [4.8693207763, 5.25624342889], "id": 74}, {"position": [8.08733230247, 5.61399446866], "id": 75}], "frame": 493, "size": 4}