{"timestamp": 494, "object_list": [{"position": [4.14721498517, 3.88251762174], "id": 73}, {"position": [4.28296498088, 5.21065940714], "id": 74}, {"position": [7.49192650734, 5.72998313132], "id": 75}], "frame": 494, "size": 3}