{"timestamp": 495, "object_list": [{"position": [3.59811151416, 3.8281031874], "id": 73}, {"position": [3.72102313818, 5.15433569441], "id": 74}, {"position": [6.89483699133, 5.83738004119], "id": 75}], "frame": 495, "size": 3}