{"timestamp": 496, "object_list": [{"position": [3.06710804257, 3.75698256709], "id": 73}, {"position": [3.21590687508, 5.07247538311], "id": 74}, {"position": [6.29522189401, 5.93212798168], "id": 75}], "frame": 496, "size": 3}