{"timestamp": 497, "object_list": [{"position": [2.5363150361, 3.68562328697], "id": 73}, {"position": [2.71079061198, 4.99061507181], "id": 74}, {"position": [5.69560679669, 6.02687592216], "id": 75}], "frame": 497, "size": 3}