{"timestamp": 498, "object_list": [{"position": [2.00531156451, 3.61450266666], "id": 73}, {"position": [2.20567434888, 4.90899342031], "id": 74}, {"position": [5.09578123425, 6.12186252245], "id": 75}], "frame": 498, "size": 3}