{"timestamp": 499, "object_list": [{"position": [1.47451855804, 3.54314338655], "id": 73}, {"position": [1.69508599292, 4.86675063576], "id": 74}, {"position": [4.49616613693, 6.21661046294], "id": 75}], "frame": 499, "size": 3}