{"timestamp": 500, "object_list": [{"position": [0.943725551561, 3.47202276623], "id": 73}, {"position": [1.18323484631, 4.8345315628], "id": 74}, {"position": [3.89655103961, 6.31135840342], "id": 75}, {"position": [15.0240518506, 3.88943875593], "id": 76}], "frame": 500, "size": 4}