{"timestamp": 501, "object_list": [{"position": [0.412722079976, 3.40066348612], "id": 73}, {"position": [0.671173234596, 4.80231248983], "id": 74}, {"position": [3.29672547717, 6.40610634391], "id": 75}, {"position": [14.6340600025, 3.89635989012], "id": 76}], "frame": 501, "size": 4}