{"timestamp": 502, "object_list": [{"position": [-0.1180709265, 3.3295428658], "id": 73}, {"position": [0.159322087987, 4.76985475707], "id": 74}, {"position": [2.70300340292, 6.51278727438], "id": 75}, {"position": [14.2440681543, 3.90351968411], "id": 76}], "frame": 502, "size": 4}