{"timestamp": 503, "object_list": [{"position": [2.16168714096, 6.72400119713], "id": 75}, {"position": [13.8540763062, 3.9104408183], "id": 76}, {"position": [14.9165041796, 7.48460997881], "id": 77}], "frame": 503, "size": 3}