{"timestamp": 504, "object_list": [{"position": [1.62058134412, 6.93545377967], "id": 75}, {"position": [13.6000449189, 3.90280370471], "id": 76}, {"position": [14.587126283, 7.1628965688], "id": 77}, {"position": [15.1440169631, 7.37029193475], "id": 78}], "frame": 504, "size": 4}