{"timestamp": 505, "object_list": [{"position": [1.07947554727, 7.14690636222], "id": 75}, {"position": [13.4815530622, 3.88036968354], "id": 76}, {"position": [14.2695344326, 6.85454810757], "id": 77}, {"position": [14.9047181335, 7.02304192617], "id": 78}], "frame": 505, "size": 4}