{"timestamp": 578, "object_list": [{"position": [5.28456843759, 6.94834140886], "id": 90}, {"position": [0.243297666727, 3.78562174305], "id": 93}, {"position": [0.586355795417, 7.91897081429], "id": 95}, {"position": [11.6757624216, 2.84482481258], "id": 98}], "frame": 578, "size": 4}