{"timestamp": 579, "object_list": [{"position": [4.9370905416, 6.95383058425], "id": 90}, {"position": [0.557943005617, 8.11252391186], "id": 95}, {"position": [11.2133705757, 2.83718769899], "id": 98}], "frame": 579, "size": 3}