{"timestamp": 580, "object_list": [{"position": [4.5896126456, 6.95931975964], "id": 90}, {"position": [0.529530215818, 8.30607700943], "id": 95}, {"position": [10.7478217532, 2.80830986323], "id": 98}], "frame": 580, "size": 3}