{"timestamp": 581, "object_list": [{"position": [4.24213474961, 6.96504759484], "id": 90}, {"position": [0.501117426018, 8.49963010699], "id": 95}, {"position": [10.2822729308, 2.77919336766], "id": 98}], "frame": 581, "size": 3}