{"timestamp": 582, "object_list": [{"position": [3.90475917888, 6.96624089384], "id": 90}, {"position": [0.472704636219, 8.69294454476], "id": 95}, {"position": [9.81651364315, 2.7503155319], "id": 98}], "frame": 582, "size": 3}