{"timestamp": 583, "object_list": [{"position": [3.59095570043, 6.95764914105], "id": 90}, {"position": [9.38379737776, 2.77036295507], "id": 98}], "frame": 583, "size": 2}