{"timestamp": 584, "object_list": [{"position": [3.27715222198, 6.94881872846], "id": 90}, {"position": [8.95928925165, 2.80282068783], "id": 98}], "frame": 584, "size": 2}