{"timestamp": 585, "object_list": [{"position": [2.96334874353, 6.94022697567], "id": 90}, {"position": [8.53499159064, 2.8352784206], "id": 98}], "frame": 585, "size": 2}