{"timestamp": 586, "object_list": [{"position": [2.64954526508, 6.93163522288], "id": 90}, {"position": [8.11048346453, 2.86749749356], "id": 98}, {"position": [0.479229054617, 5.79680787524], "id": 99}, {"position": [0.261818596374, 4.93524599827], "id": 100}], "frame": 586, "size": 4}