{"timestamp": 587, "object_list": [{"position": [2.33574178662, 6.92280481029], "id": 90}, {"position": [7.68597533841, 2.89995522632], "id": 98}, {"position": [0.88816276262, 5.78988674105], "id": 99}, {"position": [0.623397654711, 4.9109026987], "id": 100}], "frame": 587, "size": 4}