{"timestamp": 588, "object_list": [{"position": [2.07013481828, 6.99058419341], "id": 90}, {"position": [7.2614672123, 2.93217429928], "id": 98}, {"position": [1.29709647062, 5.78296560686], "id": 99}, {"position": [0.984766247938, 4.88632073933], "id": 100}], "frame": 588, "size": 4}