{"timestamp": 589, "object_list": [{"position": [1.81673482629, 7.0774563605], "id": 90}, {"position": [6.79107769229, 2.88372635994], "id": 98}, {"position": [1.70603017862, 5.77628313246], "id": 99}, {"position": [1.34634530627, 4.86197743976], "id": 100}], "frame": 589, "size": 4}