{"timestamp": 590, "object_list": [{"position": [1.56312436919, 7.1640898678], "id": 90}, {"position": [6.31542654453, 2.82644800801], "id": 98}, {"position": [2.10507202647, 5.7443027193], "id": 99}, {"position": [1.73296971266, 4.8333382638], "id": 100}], "frame": 590, "size": 4}