{"timestamp": 591, "object_list": [{"position": [1.3097243772, 7.25096203489], "id": 90}, {"position": [5.83998586189, 2.76893099628], "id": 98}, {"position": [2.50306154878, 5.70969704834], "id": 99}, {"position": [2.1778929544, 4.79539135564], "id": 100}], "frame": 591, "size": 4}