{"timestamp": 603, "object_list": [{"position": [7.71501952354, 5.40731508211], "id": 99}, {"position": [7.55527650534, 4.40876248011], "id": 100}, {"position": [6.73488350802, 3.2457732761], "id": 101}, {"position": [10.9126159341, 3.69254442117], "id": 102}], "frame": 603, "size": 4}