{"timestamp": 604, "object_list": [{"position": [8.18751369465, 5.39753003032], "id": 99}, {"position": [8.02103579294, 4.40733052131], "id": 100}, {"position": [6.06223701765, 3.27679905007], "id": 101}, {"position": [10.2286043278, 3.64624442002], "id": 102}], "frame": 604, "size": 4}