{"timestamp": 605, "object_list": [{"position": [8.66337530752, 5.4116109585], "id": 99}, {"position": [8.51983810275, 4.46031299684], "id": 100}, {"position": [5.3898009924, 3.30806348383], "id": 101}, {"position": [9.53722644268, 3.64242586323], "id": 102}], "frame": 605, "size": 4}