{"timestamp": 606, "object_list": [{"position": [9.14113110637, 5.44144343347], "id": 99}, {"position": [9.01885087767, 4.51329547238], "id": 100}, {"position": [4.71715450204, 3.33908925779], "id": 101}, {"position": [8.84121832515, 3.6667691628], "id": 102}], "frame": 606, "size": 4}