{"timestamp": 621, "object_list": [{"position": [6.65343351059, 5.06961146551], "id": 103}, {"position": [6.87379048037, 5.96649499284], "id": 104}, {"position": [10.1309485169, 4.22547175393], "id": 105}, {"position": [10.2927961862, 3.39016245493], "id": 106}], "frame": 621, "size": 4}