{"timestamp": 622, "object_list": [{"position": [7.15139395997, 4.97963672102], "id": 103}, {"position": [7.40163697531, 5.88797591873], "id": 104}, {"position": [9.49008225812, 4.20900422775], "id": 105}, {"position": [9.67129271751, 3.40137946552], "id": 106}], "frame": 622, "size": 4}