{"timestamp": 623, "object_list": [{"position": [7.69776138455, 4.95219084405], "id": 103}, {"position": [7.89454626205, 5.85289292817], "id": 104}, {"position": [8.84900553421, 4.19277536137], "id": 105}, {"position": [9.0499997139, 3.4128351359], "id": 106}], "frame": 623, "size": 4}