{"timestamp": 624, "object_list": [{"position": [8.24412880914, 4.92474496709], "id": 103}, {"position": [8.38724508369, 5.81804859741], "id": 104}, {"position": [8.2081392754, 4.17654649499], "id": 105}, {"position": [8.42870671028, 3.42429080629], "id": 106}], "frame": 624, "size": 4}