{"timestamp": 625, "object_list": [{"position": [8.79049623373, 4.89706043032], "id": 103}, {"position": [8.88015437043, 5.78320426666], "id": 104}, {"position": [7.63420092145, 4.27964752846], "id": 105}, {"position": [7.80720324156, 3.43550781688], "id": 106}], "frame": 625, "size": 4}