{"timestamp": 626, "object_list": [{"position": [9.33686365832, 4.86961455335], "id": 103}, {"position": [9.37453691294, 5.7457346781], "id": 104}, {"position": [7.06005210239, 4.38274856194], "id": 105}, {"position": [7.26757070048, 3.48133049842], "id": 106}], "frame": 626, "size": 4}