{"timestamp": 627, "object_list": [{"position": [9.87733805984, 4.8314289854], "id": 103}, {"position": [9.8830206178, 5.68606972817], "id": 104}, {"position": [6.48611374844, 4.48561093561], "id": 105}, {"position": [6.73698815911, 3.53121039656], "id": 106}], "frame": 627, "size": 4}