{"timestamp": 639, "object_list": [{"position": [6.00730562404, 2.62310985865], "id": 107}, {"position": [5.68445214588, 3.31641657682], "id": 108}], "frame": 639, "size": 2}