{"timestamp": 640, "object_list": [{"position": [6.50147770144, 2.65437429241], "id": 107}, {"position": [6.21671840812, 3.36152327896], "id": 108}, {"position": [0.448080218393, 3.4128351359], "id": 109}, {"position": [0.39883138274, 2.56249026952], "id": 110}], "frame": 640, "size": 4}