{"timestamp": 641, "object_list": [{"position": [7.02553582441, 2.67919491158], "id": 107}, {"position": [6.74877420525, 3.40662998111], "id": 108}, {"position": [0.936990668053, 3.4128351359], "id": 109}, {"position": [0.919311598844, 2.60640367267], "id": 110}], "frame": 641, "size": 4}