{"timestamp": 642, "object_list": [{"position": [7.59421255062, 2.69423047897], "id": 107}, {"position": [7.28083000239, 3.45149802346], "id": 108}, {"position": [1.4256906526, 3.4128351359], "id": 109}, {"position": [1.44000228006, 2.65031707582], "id": 110}], "frame": 642, "size": 4}