{"timestamp": 643, "object_list": [{"position": [8.16288927683, 2.70950470615], "id": 107}, {"position": [7.84214044976, 3.47727328182], "id": 108}, {"position": [1.91965226489, 3.4171310123], "id": 109}, {"position": [1.96069296127, 2.69423047897], "id": 110}], "frame": 643, "size": 4}