{"timestamp": 644, "object_list": [{"position": [8.73156600303, 2.72477893333], "id": 107}, {"position": [8.41081717596, 3.4982753442], "id": 108}, {"position": [2.42518945821, 3.43097328068], "id": 109}, {"position": [2.47549061942, 2.72430161373], "id": 110}], "frame": 644, "size": 4}