{"timestamp": 645, "object_list": [{"position": [9.30024272924, 2.74005316051], "id": 107}, {"position": [8.97949390217, 3.51927740657], "id": 108}, {"position": [2.93072665154, 3.44505420886], "id": 109}, {"position": [2.98123827785, 2.73360934592], "id": 110}], "frame": 645, "size": 4}