{"timestamp": 646, "object_list": [{"position": [9.87018224611, 2.75341810929], "id": 107}, {"position": [9.54817062838, 3.54004080915], "id": 108}, {"position": [3.43605337975, 3.45913513705], "id": 109}, {"position": [3.48719640139, 2.74267841831], "id": 110}], "frame": 646, "size": 4}