{"timestamp": 647, "object_list": [{"position": [10.4407531583, 2.76582841888], "id": 107}, {"position": [10.1166368895, 3.56104287152], "id": 108}, {"position": [3.94159057307, 3.47321606523], "id": 109}, {"position": [3.99315452493, 2.7519861505], "id": 110}], "frame": 647, "size": 4}