{"timestamp": 692, "object_list": [{"position": [15.1808483573, 3.50519647839], "id": 118}, {"position": [6.40087537904, 2.62621243605], "id": 119}, {"position": [4.97013356381, 4.24098464091], "id": 120}, {"position": [5.23111029974, 3.42094956909], "id": 121}], "frame": 692, "size": 4}