{"timestamp": 693, "object_list": [{"position": [5.84735214073, 2.61595006466], "id": 119}, {"position": [5.46472657143, 4.31258258082], "id": 120}, {"position": [5.71518005188, 3.48443307582], "id": 121}], "frame": 693, "size": 3}