{"timestamp": 694, "object_list": [{"position": [5.2936184373, 2.60544903347], "id": 119}, {"position": [5.95931957905, 4.38418052074], "id": 120}, {"position": [6.25207654654, 3.48443307582], "id": 121}], "frame": 694, "size": 3}