{"timestamp": 695, "object_list": [{"position": [4.76345682615, 2.62692841545], "id": 119}, {"position": [6.45391258667, 4.45577846065], "id": 120}, {"position": [6.78897304119, 3.48443307582], "id": 121}], "frame": 695, "size": 3}