{"timestamp": 696, "object_list": [{"position": [4.24908009823, 2.6691712], "id": 119}, {"position": [6.92156606025, 4.53453619456], "id": 120}, {"position": [7.32586953585, 3.48443307582], "id": 121}], "frame": 696, "size": 3}