{"timestamp": 697, "object_list": [{"position": [3.7344929052, 2.71165264434], "id": 119}, {"position": [7.38648348742, 4.61400990786], "id": 120}, {"position": [7.8627660305, 3.48443307582], "id": 121}], "frame": 697, "size": 3}