{"timestamp": 713, "object_list": [{"position": [8.13363462659, 4.20781092875], "id": 122}, {"position": [7.98146835233, 5.43046508268], "id": 123}, {"position": [6.67911025397, 4.89491249212], "id": 124}, {"position": [6.70078816026, 4.05626195593], "id": 125}], "frame": 713, "size": 4}