{"timestamp": 714, "object_list": [{"position": [8.68673693468, 4.22165319713], "id": 122}, {"position": [8.46174973249, 5.45480838225], "id": 123}, {"position": [7.19874860963, 4.89992434792], "id": 124}, {"position": [7.20127419095, 4.04552226494], "id": 125}], "frame": 714, "size": 4}