{"timestamp": 715, "object_list": [{"position": [9.23268342905, 4.21019752674], "id": 122}, {"position": [8.94203111266, 5.47939034162], "id": 123}, {"position": [7.7183869653, 4.90469754391], "id": 124}, {"position": [7.70154975653, 4.03502123376], "id": 125}], "frame": 715, "size": 4}