{"timestamp": 716, "object_list": [{"position": [9.77694620254, 4.19277536137], "id": 122}, {"position": [9.45177760817, 5.4934712698], "id": 123}, {"position": [8.23823578607, 4.90947073991], "id": 124}, {"position": [8.20203578722, 4.02428154277], "id": 125}], "frame": 716, "size": 4}