{"timestamp": 717, "object_list": [{"position": [10.3209985109, 4.17535319599], "id": 122}, {"position": [9.98109735888, 5.5006310638], "id": 123}, {"position": [8.75787414174, 4.9144825957], "id": 124}, {"position": [8.70252181791, 4.01378051158], "id": 125}], "frame": 717, "size": 4}