{"timestamp": 718, "object_list": [{"position": [10.8650508193, 4.15793103061], "id": 122}, {"position": [10.5104171096, 5.50802951759], "id": 123}, {"position": [9.27372412543, 4.92832486408], "id": 124}, {"position": [9.21268924364, 4.04528360514], "id": 125}], "frame": 718, "size": 4}