{"timestamp": 719, "object_list": [{"position": [11.3819531285, 4.13048515364], "id": 122}, {"position": [11.0405787207, 5.47724240342], "id": 123}, {"position": [9.78662759759, 4.94813362746], "id": 124}, {"position": [9.72917062266, 4.10494855507], "id": 125}], "frame": 719, "size": 4}