{"timestamp": 720, "object_list": [{"position": [11.8870693916, 4.09850474048], "id": 122}, {"position": [11.5722135877, 5.35791250357], "id": 123}, {"position": [10.2997415349, 4.96818105063], "id": 124}, {"position": [10.2458624668, 4.164613505], "id": 125}], "frame": 720, "size": 4}