{"timestamp": 721, "object_list": [{"position": [12.3921856548, 4.06676298712], "id": 122}, {"position": [12.1040589197, 5.23858260371], "id": 123}, {"position": [10.812645007, 4.98798981401], "id": 124}, {"position": [10.7623438458, 4.22427845493], "id": 125}], "frame": 721, "size": 4}