{"timestamp": 722, "object_list": [{"position": [12.8973019179, 4.03502123376], "id": 122}, {"position": [12.6356937866, 5.11925270385], "id": 123}, {"position": [11.3257589443, 5.00779857739], "id": 124}, {"position": [11.2838763875, 4.26938515707], "id": 125}], "frame": 722, "size": 4}