{"timestamp": 723, "object_list": [{"position": [13.4017867856, 3.97106040743], "id": 122}, {"position": [13.1563844678, 4.97796610242], "id": 123}, {"position": [11.8590775321, 4.98369393762], "id": 124}, {"position": [11.8241403239, 4.25649752789], "id": 125}], "frame": 723, "size": 4}