{"timestamp": 724, "object_list": [{"position": [13.9043774674, 3.77846194906], "id": 122}, {"position": [13.6659204982, 4.81472279942], "id": 123}, {"position": [12.3976577476, 4.94861094706], "id": 124}, {"position": [12.3646147254, 4.2436098987], "id": 125}], "frame": 724, "size": 4}