{"timestamp": 725, "object_list": [{"position": [14.4067576841, 3.58610215049], "id": 122}, {"position": [14.1754565286, 4.65124083662], "id": 123}, {"position": [12.9362379631, 4.9135279565], "id": 124}, {"position": [12.9048786618, 4.23072226952], "id": 125}], "frame": 725, "size": 4}