{"timestamp": 726, "object_list": [{"position": [14.9091379008, 3.39350369213], "id": 122}, {"position": [14.684992559, 4.48799753361], "id": 123}, {"position": [13.4533507375, 4.834292903], "id": 124}, {"position": [13.3954728323, 4.16867072159], "id": 125}], "frame": 726, "size": 4}