{"timestamp": 727, "object_list": [{"position": [13.9386832803, 4.68823310557], "id": 124}, {"position": [13.8359763068, 4.05769391473], "id": 125}], "frame": 727, "size": 2}