{"timestamp": 728, "object_list": [{"position": [14.423805358, 4.54241196795], "id": 124}, {"position": [14.2764797812, 3.94671710786], "id": 125}], "frame": 728, "size": 2}