{"timestamp": 729, "object_list": [{"position": [14.9091379008, 4.39659083032], "id": 124}, {"position": [14.7169832557, 3.83574030099], "id": 125}], "frame": 729, "size": 2}