{"timestamp": 730, "object_list": [{"position": [15.1574867301, 3.72476349413], "id": 125}, {"position": [14.9893251075, 5.5822527153], "id": 126}], "frame": 730, "size": 2}