{"timestamp": 731, "object_list": [{"position": [14.6946739541, 5.59012848869], "id": 126}], "frame": 731, "size": 1}