{"timestamp": 732, "object_list": [{"position": [14.4000228006, 5.59824292188], "id": 126}], "frame": 732, "size": 1}