{"timestamp": 733, "object_list": [{"position": [14.1053716471, 5.60611869527], "id": 126}, {"position": [14.7700204633, 3.06152791072], "id": 127}, {"position": [14.9975332468, 5.39562075192], "id": 129}], "frame": 733, "size": 3}