{"timestamp": 734, "object_list": [{"position": [13.801880959, 5.60850529327], "id": 126}, {"position": [14.3257286169, 3.21403152274], "id": 127}, {"position": [14.6708913967, 4.59014392789], "id": 128}, {"position": [14.6506867461, 5.331182606], "id": 129}], "frame": 734, "size": 4}