{"timestamp": 735, "object_list": [{"position": [13.4948123641, 5.60850529327], "id": 126}, {"position": [13.8814367705, 3.36653513476], "id": 127}, {"position": [14.3059448966, 4.55052640114], "id": 128}, {"position": [14.3036297804, 5.26674446008], "id": 129}], "frame": 735, "size": 4}