{"timestamp": 793, "object_list": [{"position": [3.99883708289, 6.41994861229], "id": 133}, {"position": [3.79489639166, 5.43237436108], "id": 134}, {"position": [6.98049629095, 3.2457732761], "id": 135}, {"position": [6.68331955616, 4.09516350328], "id": 136}], "frame": 793, "size": 4}