{"timestamp": 794, "object_list": [{"position": [3.61200221139, 6.51660583118], "id": 133}, {"position": [3.384699893, 5.61590374706], "id": 134}, {"position": [7.47151139171, 3.2457732761], "id": 135}, {"position": [7.10067186855, 4.12809855564], "id": 136}], "frame": 794, "size": 4}