{"timestamp": 795, "object_list": [{"position": [3.2251673399, 6.61350170986], "id": 133}, {"position": [2.97450339434, 5.79943313304], "id": 134}, {"position": [7.96252649246, 3.2457732761], "id": 135}, {"position": [7.51802418093, 4.1607949482], "id": 136}], "frame": 795, "size": 4}