{"timestamp": 796, "object_list": [{"position": [2.83833246841, 6.71015892874], "id": 133}, {"position": [2.56451736079, 5.98296251902], "id": 134}, {"position": [8.45375205833, 3.2457732761], "id": 135}, {"position": [7.93516602821, 4.19373000056], "id": 136}], "frame": 796, "size": 4}