{"timestamp": 797, "object_list": [{"position": [2.46559875926, 6.8306821276], "id": 133}, {"position": [2.16400225717, 6.14620582202], "id": 134}, {"position": [8.94476715908, 3.2457732761], "id": 135}, {"position": [8.42533926853, 4.22929031072], "id": 136}], "frame": 797, "size": 4}