{"timestamp": 798, "object_list": [{"position": [2.12506621189, 7.00609708039], "id": 133}, {"position": [1.76790692085, 6.30061871244], "id": 134}, {"position": [9.43578225984, 3.2457732761], "id": 135}, {"position": [8.93361250827, 4.26532794048], "id": 136}], "frame": 798, "size": 4}