{"timestamp": 799, "object_list": [{"position": [1.78453366451, 7.18151203318], "id": 133}, {"position": [1.37181158454, 6.45503160285], "id": 134}, {"position": [9.9202729422, 3.23407894592], "id": 135}, {"position": [9.44188574802, 4.30136557024], "id": 136}], "frame": 799, "size": 4}