{"timestamp": 800, "object_list": [{"position": [1.44421158225, 7.35692698597], "id": 133}, {"position": [0.997815084735, 6.67507593819], "id": 134}, {"position": [10.3782450207, 3.17536863519], "id": 135}, {"position": [9.95015898777, 4.33740319999], "id": 136}], "frame": 800, "size": 4}