{"timestamp": 809, "object_list": [{"position": [14.6422681418, 2.9942258472], "id": 135}, {"position": [14.2021855975, 4.1655681442], "id": 136}, {"position": [11.139076392, 2.55365985693], "id": 137}, {"position": [10.5070496678, 3.24362533791], "id": 138}], "frame": 809, "size": 4}