{"timestamp": 810, "object_list": [{"position": [15.1320204519, 3.01260265178], "id": 135}, {"position": [14.6540541879, 4.18871814477], "id": 136}, {"position": [11.4777147534, 2.79231965665], "id": 137}, {"position": [10.8818880281, 3.47082946723], "id": 138}], "frame": 810, "size": 4}