{"timestamp": 811, "object_list": [{"position": [15.1057123132, 4.21210680514], "id": 136}, {"position": [11.8232984634, 3.02358100257], "id": 137}, {"position": [11.2571473185, 3.6682011216], "id": 138}], "frame": 811, "size": 3}