{"timestamp": 812, "object_list": [{"position": [12.1794054289, 3.24386399771], "id": 137}, {"position": [11.7292205594, 3.86867535336], "id": 138}], "frame": 812, "size": 2}