{"timestamp": 813, "object_list": [{"position": [12.5357228595, 3.46414699284], "id": 137}, {"position": [12.265906589, 4.07153618311], "id": 138}], "frame": 813, "size": 2}