{"timestamp": 814, "object_list": [{"position": [12.9534961021, 3.50829905579], "id": 137}, {"position": [12.7480821551, 4.19468463976], "id": 138}], "frame": 814, "size": 2}