{"timestamp": 815, "object_list": [{"position": [13.3956832974, 3.50829905579], "id": 137}, {"position": [13.1936367922, 4.26508928068], "id": 138}], "frame": 815, "size": 2}