{"timestamp": 816, "object_list": [{"position": [13.9182681646, 3.50829905579], "id": 137}, {"position": [13.6657100331, 4.31496917882], "id": 138}], "frame": 816, "size": 2}