{"timestamp": 817, "object_list": [{"position": [14.4408530318, 3.50829905579], "id": 137}, {"position": [14.1409402506, 4.36270113876], "id": 138}], "frame": 817, "size": 2}