{"timestamp": 818, "object_list": [{"position": [14.963437899, 3.50829905579], "id": 137}, {"position": [14.6159600031, 4.4104330987], "id": 138}], "frame": 818, "size": 2}