{"timestamp": 819, "object_list": [{"position": [15.0909797555, 4.45816505865], "id": 138}], "frame": 819, "size": 1}