{"timestamp": 836, "object_list": [{"position": [0.244560457385, 3.58825008869], "id": 139}], "frame": 836, "size": 1}