{"timestamp": 837, "object_list": [{"position": [0.796399974823, 3.67201967839], "id": 139}], "frame": 837, "size": 1}