{"timestamp": 838, "object_list": [{"position": [1.34802902715, 3.75602792789], "id": 139}], "frame": 838, "size": 1}