{"timestamp": 839, "object_list": [{"position": [1.89986854459, 3.83979751759], "id": 139}], "frame": 839, "size": 1}