{"timestamp": 840, "object_list": [{"position": [2.44749875984, 3.89707586952], "id": 139}, {"position": [15.2246251001, 6.5788960389], "id": 140}], "frame": 840, "size": 2}