{"timestamp": 841, "object_list": [{"position": [2.98860455668, 3.9140207153], "id": 139}, {"position": [14.6367960489, 6.44715582946], "id": 140}], "frame": 841, "size": 2}