{"timestamp": 842, "object_list": [{"position": [3.52971035353, 3.93096556108], "id": 139}, {"position": [14.0489669977, 6.31541562002], "id": 140}], "frame": 842, "size": 2}