{"timestamp": 843, "object_list": [{"position": [4.07102661549, 3.94814906666], "id": 139}, {"position": [13.4611379465, 6.18367541058], "id": 140}], "frame": 843, "size": 2}