{"timestamp": 844, "object_list": [{"position": [4.61086962168, 3.96294597424], "id": 139}, {"position": [12.8499472682, 6.06530014992], "id": 140}], "frame": 844, "size": 2}