{"timestamp": 845, "object_list": [{"position": [5.14503006991, 3.96915112903], "id": 139}, {"position": [12.2330740319, 5.95002746666], "id": 140}], "frame": 845, "size": 2}