{"timestamp": 846, "object_list": [{"position": [5.67940098324, 3.97511762403], "id": 139}, {"position": [11.6162007956, 5.83475478339], "id": 140}], "frame": 846, "size": 2}