{"timestamp": 847, "object_list": [{"position": [6.21356143147, 3.98132277882], "id": 139}, {"position": [11.0090089543, 5.72019807953], "id": 140}], "frame": 847, "size": 2}