{"timestamp": 848, "object_list": [{"position": [6.67174397513, 3.98991453161], "id": 139}, {"position": [10.4028694386, 5.60564137567], "id": 140}], "frame": 848, "size": 2}