{"timestamp": 849, "object_list": [{"position": [6.95229396626, 4.00447277939], "id": 139}, {"position": [9.821985736, 5.60778931387], "id": 140}], "frame": 849, "size": 2}