{"timestamp": 850, "object_list": [{"position": [7.2330544225, 4.01879236737], "id": 139}, {"position": [9.27877528806, 5.78487488525], "id": 140}], "frame": 850, "size": 2}