{"timestamp": 851, "object_list": [{"position": [7.51360441363, 4.03335061516], "id": 139}, {"position": [8.73556484012, 5.96196045664], "id": 140}], "frame": 851, "size": 2}