{"timestamp": 852, "object_list": [{"position": [7.78994510257, 4.0779799977], "id": 139}, {"position": [8.20014160123, 6.10133777967], "id": 140}], "frame": 852, "size": 2}