{"timestamp": 853, "object_list": [{"position": [8.12395323155, 4.12165474105], "id": 139}, {"position": [7.68260789666, 6.15288829641], "id": 140}], "frame": 853, "size": 2}