{"timestamp": 854, "object_list": [{"position": [8.5448834508, 4.1629428864], "id": 139}, {"position": [7.16486372698, 6.20443881315], "id": 140}], "frame": 854, "size": 2}