{"timestamp": 855, "object_list": [{"position": [8.97507413487, 4.20446969155], "id": 139}, {"position": [6.64733002241, 6.25622798969], "id": 140}, {"position": [0.461549985409, 8.76525846408], "id": 148}], "frame": 855, "size": 3}