{"timestamp": 856, "object_list": [{"position": [9.48966132791, 4.2440872183], "id": 139}, {"position": [6.12306143434, 6.3292578884], "id": 140}, {"position": [0.573938353949, 8.61394815106], "id": 148}], "frame": 856, "size": 3}