{"timestamp": 857, "object_list": [{"position": [10.0040380558, 4.28394340486], "id": 139}, {"position": [5.59416261385, 6.4163687153], "id": 140}, {"position": [0.686116257379, 8.46287649784], "id": 148}], "frame": 857, "size": 3}