{"timestamp": 858, "object_list": [{"position": [10.5186252489, 4.32379959141], "id": 139}, {"position": [5.06547425847, 6.50371820199], "id": 140}, {"position": [7.18317419152, -0.37469588555], "id": 141}, {"position": [0.79829416081, 8.31180484462], "id": 148}], "frame": 858, "size": 4}