{"timestamp": 859, "object_list": [{"position": [10.9660740719, 4.34862021058], "id": 139}, {"position": [4.53678590309, 6.59106768869], "id": 140}, {"position": [6.94113931545, 0.305484543633], "id": 141}, {"position": [0.846280205804, 8.17338216079], "id": 148}], "frame": 859, "size": 4}