{"timestamp": 893, "object_list": [{"position": [3.242635944, 6.22400891673], "id": 143}, {"position": [3.2382161767, 5.06650888812], "id": 144}, {"position": [3.44468244924, 5.7438253997], "id": 147}, {"position": [1.21880344984, 6.67555325778], "id": 148}], "frame": 893, "size": 4}