{"timestamp": 894, "object_list": [{"position": [2.78508479567, 6.165298606], "id": 143}, {"position": [2.86737665354, 5.03238053676], "id": 144}, {"position": [3.0393266481, 5.65528261401], "id": 147}, {"position": [1.20575461304, 6.666961505], "id": 148}], "frame": 894, "size": 4}