{"timestamp": 895, "object_list": [{"position": [2.28396736966, 6.07436922231], "id": 143}, {"position": [2.49653713038, 4.9982521854], "id": 144}, {"position": [2.62765689367, 5.56817178711], "id": 147}, {"position": [1.19270577625, 6.65813109241], "id": 148}], "frame": 895, "size": 4}