{"timestamp": 896, "object_list": [{"position": [1.78579645517, 5.97938262202], "id": 143}, {"position": [2.12569760722, 4.96412383404], "id": 144}, {"position": [2.19052086098, 5.48559549641], "id": 147}, {"position": [1.17965693945, 6.64953933962], "id": 148}], "frame": 896, "size": 4}