{"timestamp": 897, "object_list": [{"position": [1.28930926157, 5.88153210414], "id": 143}, {"position": [1.67467087729, 4.78226506666], "id": 144}, {"position": [1.75338482829, 5.40278054591], "id": 147}, {"position": [1.16660810265, 6.64070892703], "id": 148}], "frame": 897, "size": 4}