{"timestamp": 898, "object_list": [{"position": [0.792822067959, 5.78344292646], "id": 143}, {"position": [1.22364414736, 4.60040629928], "id": 144}, {"position": [1.31246042362, 5.27772281086], "id": 147}, {"position": [1.07231973354, 6.5767481007], "id": 148}], "frame": 898, "size": 4}