{"timestamp": 899, "object_list": [{"position": [0.296334874353, 5.68559240857], "id": 143}, {"position": [0.772617417435, 4.41854753189], "id": 144}, {"position": [0.869010437644, 5.12426455965], "id": 147}, {"position": [0.787770905328, 6.38319500314], "id": 148}], "frame": 899, "size": 4}