{"timestamp": 900, "object_list": [{"position": [0.321801152617, 4.23668876451], "id": 144}, {"position": [0.425349986553, 4.97104496823], "id": 147}, {"position": [0.503432542224, 6.18964190557], "id": 148}], "frame": 900, "size": 3}