{"timestamp": 901, "object_list": [{"position": [0.21909417912, 5.996088808], "id": 148}], "frame": 901, "size": 1}